educatorID,schoolID,regionID,transfer_date
1734,174,3,2022-01-30
1049,53,3,2019-02-27
486,128,3,2021-05-17
1159,117,4,2020-11-27
3368,174,3,2019-04-08
532,310,3,2023-04-17
3985,239,1,2019-08-22
537,262,2,2021-01-23
2690,142,4,2021-12-24
983,296,4,2022-12-17
954,68,3,2021-09-07
4205,55,4,2022-11-17
4237,7,3,2019-07-19
507,283,1,2020-11-03
3128,165,2,2021-09-03
1199,220,1,2022-07-16
791,193,2,2022-11-25
1580,114,4,2020-01-16
1030,322,1,2022-04-23
1658,205,2,2020-03-20
3073,107,1,2019-10-09
3382,188,2,2020-08-28
3751,120,4,2021-02-13
3006,7,3,2022-09-23
139,266,1,2022-07-28
2209,30,3,2019-03-20
2405,108,1,2020-06-09
1740,47,3,2022-05-11
1914,128,3,2021-10-11
3080,302,2,2020-07-10
4217,243,1,2018-07-19
807,71,4,2023-03-10
1682,12,3,2018-10-09
1261,133,2,2021-05-19
1009,280,3,2022-08-30
2235,142,4,2018-10-17
1703,97,4,2021-06-02
988,155,4,2022-01-22
59,81,4,2020-07-02
281,41,2,2020-01-28
2701,24,4,2018-07-27
1664,1,1,2018-09-08
2005,73,4,2022-08-22
2296,84,4,2021-01-21
2431,38,4,2023-01-15
1038,177,1,2021-10-30
327,130,4,2019-08-29
1608,256,3,2020-11-26
2554,174,3,2018-09-21
2960,142,4,2019-12-17
2284,141,1,2019-08-17
477,189,4,2020-02-01
2043,80,1,2019-05-13
3012,61,4,2020-07-09
167,176,1,2021-10-12
908,93,2,2019-05-11
2439,152,1,2022-07-08
4421,10,1,2021-08-12
2130,162,4,2021-06-24
3622,211,3,2018-06-22
372,90,3,2021-07-30
2250,186,4,2022-10-03
1406,63,1,2022-01-08
2735,19,4,2020-08-02
2662,45,1,2020-01-13
1678,206,1,2018-12-14
3829,256,3,2018-10-15
1590,102,3,2023-03-07
3788,79,4,2023-04-02
15,6,2,2021-06-09
1801,46,2,2018-09-21
1093,72,2,2023-02-10
2732,170,4,2020-06-02
1976,155,4,2021-03-31
3251,83,4,2022-11-21
1065,154,2,2023-01-08
1865,67,3,2022-05-15
2178,48,1,2023-04-08
4209,233,3,2021-02-17
3305,132,2,2022-09-25
3354,56,2,2021-10-03
2069,189,4,2019-06-06
930,260,4,2021-01-07
1635,27,1,2022-06-04
89,202,3,2022-09-19
2245,120,4,2022-01-06
1015,183,4,2018-07-26
2029,215,4,2020-08-26
2327,278,4,2022-07-21
835,29,3,2019-04-03
4119,186,4,2019-01-04
3726,310,3,2020-04-13
1559,8,3,2021-03-15
3743,26,3,2021-03-07
2522,136,2,2019-03-28
15,249,1,2021-02-15
37,262,2,2023-04-03
3656,148,3,2021-10-17
3680,284,4,2018-10-11
1733,81,4,2022-08-25
2744,50,1,2022-06-06
2543,43,1,2021-06-12
4405,57,4,2020-03-20
477,277,2,2020-01-09
83,276,1,2022-02-18
658,29,3,2019-10-11
2251,109,1,2018-08-20
3578,276,1,2020-11-30
1647,245,3,2021-05-13
3397,93,2,2021-11-27
708,276,1,2020-03-12
293,192,4,2021-12-02
77,268,2,2022-01-13
1295,137,2,2022-05-19
2930,24,4,2022-07-21
1129,92,3,2019-08-11
526,27,1,2019-10-08
1193,50,1,2018-11-21
3719,47,3,2021-08-27
3166,55,4,2023-01-19
1736,18,4,2019-03-14
944,119,3,2021-05-25
1312,74,2,2020-09-04
4074,117,4,2020-09-27
3054,133,2,2019-08-09
3387,296,4,2018-12-08
3872,232,1,2019-03-17
1569,36,1,2021-01-23
4354,15,3,2018-10-20
1273,202,3,2022-04-12
1047,297,3,2022-10-30
2275,110,2,2019-09-18
668,274,2,2021-07-28
1822,304,4,2018-09-17
2555,302,2,2019-02-18
3126,108,1,2021-06-02
4042,318,3,2021-02-03
367,130,4,2021-07-31
3149,155,4,2022-11-29
215,140,3,2022-09-18
1268,278,4,2021-09-27
4408,304,4,2022-04-17
352,3,2,2021-07-06
579,88,3,2019-09-11
2737,81,4,2018-11-03
1664,49,2,2022-07-06
3270,63,1,2018-06-25
2364,270,2,2020-08-13
790,171,3,2022-11-13
88,66,4,2019-10-27
3349,325,2,2023-03-20
1368,202,3,2022-06-04
227,167,4,2021-04-27
4326,275,4,2021-09-05
4401,95,3,2021-12-08
3608,33,2,2019-06-02
1953,251,4,2021-12-30
3304,225,1,2022-11-05
588,81,4,2023-03-02
2239,180,1,2020-12-04
511,319,4,2020-04-04
4361,223,2,2020-02-14
17,22,1,2019-03-31
2421,244,1,2021-03-29
4247,28,2,2019-06-14
2720,29,3,2019-09-15
4036,106,1,2019-02-08
1844,7,3,2020-01-21
4065,294,1,2022-05-21
1091,69,2,2020-07-06
4045,271,1,2020-10-07
1204,48,1,2020-08-15
4376,47,3,2019-08-08
2734,230,3,2022-05-31
665,171,3,2019-06-20
4231,216,1,2022-10-14
2221,81,4,2022-03-30
2227,117,4,2022-01-31
4273,140,3,2022-03-25
3568,19,4,2021-04-14
4299,205,2,2021-09-17
4174,35,2,2019-06-07
1486,129,3,2022-03-09
2170,12,3,2020-03-23
1119,314,1,2020-05-15
3725,247,4,2019-07-23
195,325,2,2019-04-08
1094,195,2,2018-10-15
1361,280,3,2018-09-07
4133,10,1,2022-11-06
1822,150,1,2018-08-17
3176,7,3,2021-10-22
196,4,4,2023-03-16
3443,262,2,2020-08-15
869,171,3,2021-05-28
716,14,3,2018-05-21
262,62,1,2018-05-30
4266,269,3,2022-09-30
1033,70,1,2020-05-08
2971,300,1,2022-02-17
857,79,4,2018-05-22
1961,186,4,2018-11-02
2484,28,2,2022-01-21
1104,248,3,2022-10-07
1075,15,3,2018-12-26
4385,29,3,2019-12-12
3429,256,3,2018-10-30
1013,204,2,2018-06-30
1611,323,1,2021-05-27
733,280,3,2022-09-27
287,141,1,2019-10-21
2810,97,4,2019-01-24
2381,64,1,2022-07-23
4084,90,3,2022-11-19
691,308,2,2019-08-09
3464,219,3,2021-09-16
184,20,2,2020-10-26
4224,128,3,2022-10-30
1793,217,1,2023-02-08
2906,282,1,2021-09-01
3073,256,3,2018-09-09
4196,215,4,2023-02-15
2997,59,1,2021-12-16
1172,115,1,2022-10-13
945,121,3,2021-11-07
2850,276,1,2019-09-24
231,268,2,2019-02-01
4285,128,3,2022-12-10
2741,166,1,2021-06-07
3987,94,2,2020-01-29
3912,188,2,2020-06-09
34,186,4,2022-04-21
529,275,4,2020-09-09
3189,87,2,2019-10-23
2386,283,1,2019-12-04
2612,166,1,2019-12-10
1520,183,4,2021-12-08
973,134,3,2021-02-05
2656,159,1,2020-10-01
3758,186,4,2021-06-15
1385,80,1,2022-07-11
129,15,3,2019-02-26
821,81,4,2019-09-13
381,55,4,2021-07-04
3329,138,3,2021-07-10
471,128,3,2022-10-03
1926,46,2,2018-09-25
631,14,3,2020-10-29
3037,94,2,2021-03-13
4033,173,2,2019-08-21
3677,118,4,2021-07-19
3957,63,1,2023-01-01
4383,226,3,2023-01-18
2740,69,2,2020-04-16
55,3,2,2019-01-15
646,260,4,2019-10-09
2995,116,4,2022-07-12
1489,251,4,2023-01-29
3323,134,3,2019-03-14
962,12,3,2020-12-13
1178,300,1,2019-07-03
2258,319,4,2020-10-09
3601,242,2,2021-08-18
982,155,4,2023-02-25
1026,97,4,2022-10-31
2190,286,4,2021-02-11
2747,90,3,2021-04-11
6,143,1,2021-10-18
1923,152,1,2022-12-31
450,188,2,2022-08-16
2669,160,1,2022-08-09
2232,119,3,2020-05-15
1165,76,4,2021-08-31
700,154,2,2020-09-17
3958,297,3,2020-02-02
1889,285,2,2022-08-23
1320,132,2,2020-02-25
2045,61,4,2020-11-13
1017,260,4,2018-05-31
4169,308,2,2018-05-24
1751,179,3,2018-10-25
3521,58,2,2023-02-14
2810,315,2,2021-05-10
3243,24,4,2022-08-27
1003,51,1,2020-01-03
1508,309,1,2019-08-05
576,197,2,2019-12-14
3508,253,2,2020-05-21
3487,155,4,2023-05-15
2286,298,2,2019-09-20
2866,45,1,2023-01-04
203,20,2,2022-11-18
1456,186,4,2021-11-25
1646,157,1,2019-12-17
4397,260,4,2020-08-03
2874,284,4,2019-10-02
715,42,4,2019-04-26
2140,48,1,2022-03-26
3145,51,1,2021-04-29
2037,229,2,2021-08-22
2174,131,2,2020-11-06
2929,71,4,2019-02-04
686,241,4,2021-10-31
3945,303,2,2023-04-16
895,261,4,2020-10-11
3036,325,2,2022-03-31
1048,142,4,2021-01-12
1682,28,2,2020-02-11
1594,73,4,2020-07-20
1613,85,2,2022-03-03
3864,30,3,2021-03-21
1509,304,4,2022-07-09
1623,69,2,2020-05-10
2788,290,1,2018-06-20
486,296,4,2021-10-19
1074,284,4,2022-01-24
971,185,1,2019-06-14
2134,20,2,2020-11-07
2806,311,2,2019-11-12
1158,326,1,2019-04-27
3284,142,4,2018-06-18
3160,40,1,2018-05-27
777,122,4,2021-10-26
3505,54,1,2020-09-12
3552,247,4,2021-02-07
3288,8,3,2022-04-01
3112,321,1,2022-12-25
1055,56,2,2021-08-14
283,256,3,2019-09-11
1264,117,4,2019-01-07
68,208,2,2023-04-29
3280,152,1,2019-10-09
1066,236,1,2020-10-31
3512,39,2,2021-02-24
4021,162,4,2022-02-11
1749,12,3,2021-01-13
4147,247,4,2020-08-28
3815,27,1,2021-06-29
3023,317,1,2022-05-19
1613,155,4,2020-05-19
3857,114,4,2019-08-16
861,90,3,2021-09-01
3013,111,1,2020-10-16
248,245,3,2018-10-12
4159,308,2,2021-09-13
2399,201,2,2022-11-17
1215,90,3,2021-10-25
3130,84,4,2022-04-20
3288,168,2,2019-06-08
535,86,1,2020-06-27
3866,57,4,2019-03-24
1459,266,1,2018-07-10
1104,260,4,2022-01-26
184,287,3,2022-05-10
1357,213,2,2020-07-13
3283,142,4,2023-04-02
3649,251,4,2020-06-23
2565,65,2,2022-07-12
2202,38,4,2021-11-08
3562,225,1,2020-07-19
449,22,1,2021-11-03
1652,271,1,2021-04-23
1580,273,1,2020-12-09
2919,319,4,2019-01-29
4085,73,4,2019-01-22
1576,268,2,2021-08-05
1176,196,3,2022-04-16
3542,287,3,2020-01-19
2003,7,3,2023-02-02
2629,118,4,2019-04-06
3405,122,4,2021-07-14
4342,240,1,2021-03-12
265,41,2,2022-06-09
228,114,4,2019-12-15
504,32,4,2022-02-08
1628,270,2,2022-05-28
2734,116,4,2022-05-08
3402,304,4,2022-05-31
3710,198,4,2018-10-15
2,167,4,2021-03-23
2836,213,2,2022-02-10
3284,60,1,2020-08-02
2393,37,2,2021-07-16
144,152,1,2021-05-18
4231,184,3,2023-03-01
701,226,3,2020-09-07
317,19,4,2019-05-14
1091,7,3,2023-02-06
1522,100,1,2023-02-03
2641,230,3,2022-02-04
1067,173,2,2021-04-10
4387,230,3,2021-10-14
143,42,4,2021-09-03
1470,288,3,2019-04-04
75,54,1,2021-10-26
4240,55,4,2023-03-29
328,23,3,2018-11-20
2076,219,3,2020-04-25
1303,120,4,2022-03-23
2309,265,2,2019-09-06
3972,265,2,2022-09-20
2736,130,4,2022-08-06
649,102,3,2022-10-21
3039,171,3,2018-07-21
2087,133,2,2021-02-15
2203,21,3,2019-05-12
855,42,4,2023-03-17
1840,167,4,2020-05-08
3776,187,2,2022-06-29
4271,178,1,2020-01-17
1499,116,4,2019-05-14
4011,134,3,2020-02-18
3392,241,4,2018-05-22
3556,305,2,2021-01-29
1956,165,2,2019-05-20
1790,256,3,2019-09-08
2556,306,2,2018-06-19
3914,16,1,2018-12-10
2877,301,4,2023-03-04
1041,165,2,2020-08-13
1864,212,1,2019-06-05
2037,230,3,2021-12-15
4130,292,4,2019-03-17
143,290,1,2020-12-05
1960,95,3,2021-10-18
2281,196,3,2020-03-04
3118,180,1,2018-07-09
121,167,4,2022-06-15
2524,230,3,2021-11-07
2289,198,4,2020-07-19
3590,33,2,2018-07-16
583,84,4,2019-12-09
3061,181,1,2023-03-12
1919,145,2,2022-07-12
3612,76,4,2019-12-02
411,58,2,2019-01-09
1554,67,3,2019-02-04
3890,177,1,2018-11-15
3787,29,3,2019-03-24
2604,286,4,2022-05-16
1114,118,4,2019-12-30
2196,261,4,2019-02-12
2792,278,4,2019-04-12
40,260,4,2020-02-09
188,189,4,2019-12-21
1000,321,1,2022-04-20
976,164,2,2018-07-17
791,133,2,2022-03-15
3078,268,2,2021-10-24
3964,55,4,2022-03-18
4376,18,4,2019-02-27
969,8,3,2023-01-25
4075,302,2,2020-01-12
3492,116,4,2022-04-16
4243,218,3,2023-04-17
2964,257,2,2019-11-19
1063,67,3,2021-07-21
1150,66,4,2019-01-20
1986,93,2,2020-10-08
4104,167,4,2021-06-06
1210,189,4,2020-07-17
4092,45,1,2020-03-20
1362,139,1,2020-01-13
4073,18,4,2018-10-21
63,68,3,2020-11-22
2606,288,3,2021-08-11
3134,125,2,2022-10-23
4227,184,3,2022-10-12
449,159,1,2019-11-18
2008,177,1,2020-04-03
4338,218,3,2021-10-13
2610,254,1,2021-10-06
2073,284,4,2019-04-28
109,61,4,2019-08-05
2482,150,1,2021-06-14
331,115,1,2020-06-17
1854,208,2,2021-10-11
531,116,4,2019-10-03
4360,241,4,2018-12-31
1284,140,3,2021-03-02
4314,83,4,2023-03-23
183,278,4,2020-01-04
1401,85,2,2022-01-12
2762,267,4,2022-03-19
799,151,3,2021-07-27
3672,15,3,2019-07-03
3236,25,1,2021-07-16
833,204,2,2022-10-11
2669,186,4,2020-02-05
4294,75,4,2023-03-18
232,261,4,2020-06-23
625,226,3,2019-01-06
880,16,1,2022-08-21
2329,104,2,2023-05-09
4077,238,1,2019-08-10
2127,135,1,2021-02-07
2449,287,3,2020-03-17
2977,114,4,2022-02-01
1119,134,3,2022-05-08
1918,263,3,2019-09-10
1923,305,2,2018-09-10
2007,62,1,2022-09-07
4328,301,4,2018-08-13
460,8,3,2020-10-03
2467,238,1,2021-05-27
2149,129,3,2020-01-23
3994,96,2,2022-07-23
1162,267,4,2021-09-16
658,191,3,2021-09-23
1460,81,4,2022-10-25
2530,228,1,2020-03-07
1433,320,3,2020-06-08
2152,19,4,2020-08-22
3811,19,4,2018-08-15
3550,166,1,2019-08-08
2702,74,2,2019-01-26
464,284,4,2021-07-17
892,26,3,2021-04-21
2470,173,2,2018-09-13
4230,30,3,2023-03-16
4099,9,2,2021-12-19
1859,117,4,2019-10-04
970,40,1,2023-01-28
3742,246,1,2020-09-19
3498,183,4,2019-03-10
4203,320,3,2023-05-02
70,214,2,2020-11-07
1678,23,3,2021-03-26
438,310,3,2022-02-07
4090,167,4,2021-03-16
501,256,3,2023-03-24
4288,308,2,2020-09-26
2915,108,1,2018-11-16
8,49,2,2018-11-22
1401,243,1,2021-03-06
999,178,1,2021-01-31
425,250,2,2019-06-15
335,289,1,2019-11-03
1136,196,3,2020-08-28
611,258,4,2022-02-23
4347,289,1,2021-07-31
2013,90,3,2021-07-10
4196,126,1,2020-02-24
2349,144,2,2019-01-22
1446,215,4,2019-06-15
2478,162,4,2020-04-30
2274,297,3,2022-01-21
1196,48,1,2020-05-13
3063,209,1,2019-04-10
3568,96,2,2023-03-03
2387,50,1,2019-01-24
1971,95,3,2023-04-29
17,116,4,2019-09-09
2016,43,1,2021-06-26
2817,126,1,2019-12-23
2473,42,4,2020-01-07
800,291,1,2019-09-12
2058,166,1,2021-10-06
483,76,4,2023-02-02
2772,275,4,2021-06-12
1552,50,1,2021-08-08
3549,1,1,2022-03-25
3777,262,2,2023-01-31
2466,209,1,2018-09-07
500,22,1,2022-10-19
182,318,3,2019-05-27
2798,101,3,2019-12-21
3288,134,3,2020-01-24
3867,272,2,2019-09-26
2128,145,2,2021-06-24
3362,170,4,2020-06-16
1213,8,3,2023-05-09
3259,168,2,2021-11-24
988,153,1,2018-11-25
2108,137,2,2022-01-13
1532,179,3,2023-03-30
2048,119,3,2019-09-05
1711,93,2,2022-02-18
1734,298,2,2019-11-30
4083,86,1,2019-08-22
1432,117,4,2019-04-16
140,151,3,2021-04-07
3759,81,4,2023-03-28
2255,107,1,2020-06-05
1886,144,2,2020-09-25
641,73,4,2022-10-20
3466,322,1,2020-03-03
1593,222,1,2022-04-10
809,187,2,2019-12-19
1073,258,4,2022-03-04
4429,287,3,2020-12-09
2428,305,2,2021-12-14
2055,211,3,2020-10-30
1766,138,3,2018-12-01
1365,116,4,2018-10-10
2941,38,4,2019-07-09
3244,217,1,2022-06-17
1844,210,3,2022-12-27
2170,240,1,2022-11-08
1103,86,1,2018-07-22
3179,255,1,2019-03-25
418,275,4,2023-05-21
2954,323,1,2020-09-10
1231,63,1,2020-10-05
3994,29,3,2019-09-08
4350,19,4,2022-12-08
3630,284,4,2018-09-16
2379,260,4,2020-11-29
844,165,2,2021-04-28
2175,196,3,2020-03-10
347,42,4,2018-09-02
270,184,3,2022-12-23
1377,182,2,2019-12-27
226,215,4,2019-03-29
1832,192,4,2020-09-22
2591,122,4,2019-10-19
916,164,2,2019-06-17
896,138,3,2021-08-25
2728,73,4,2022-10-12
2024,258,4,2021-09-16
3743,278,4,2021-04-17
696,38,4,2018-10-22
286,273,1,2021-12-07
4020,18,4,2018-07-13
2798,270,2,2021-08-12
1644,224,3,2021-08-25
407,133,2,2020-06-17
4333,92,3,2022-03-30
870,68,3,2019-08-09
2288,264,1,2019-06-29
3961,211,3,2022-01-23
4374,147,2,2019-04-27
3904,217,1,2018-07-02
697,247,4,2020-01-19
309,283,1,2018-10-12
1469,183,4,2022-02-25
3770,304,4,2019-06-01
325,83,4,2022-02-09
641,199,1,2021-04-05
2404,186,4,2022-09-03
2490,101,3,2021-07-01
2687,85,2,2020-08-17
743,167,4,2022-10-12
3805,56,2,2020-09-28
121,307,1,2020-05-28
1327,255,1,2019-11-08
3763,325,2,2020-05-10
2949,154,2,2019-02-02
2252,68,3,2021-07-17
2971,108,1,2021-01-17
1928,308,2,2018-11-26
3410,271,1,2020-08-06
2685,12,3,2022-01-06
313,192,4,2019-10-30
144,130,4,2019-05-22
2847,177,1,2021-11-08
3931,133,2,2022-12-28
2483,67,3,2020-01-11
3583,116,4,2021-06-20
2319,39,2,2019-03-15
405,226,3,2020-03-05
1058,137,2,2022-10-06
331,303,2,2022-09-14
3652,47,3,2019-07-06
3921,102,3,2022-03-13
42,285,2,2021-05-01
4415,101,3,2020-05-12
4346,120,4,2022-01-20
4238,29,3,2019-05-13
1838,288,3,2020-08-12
4182,260,4,2022-02-12
3928,117,4,2021-05-28
546,269,3,2022-04-11
2369,218,3,2018-09-18
2966,244,1,2021-07-30
1583,280,3,2022-11-28
2840,137,2,2023-02-21
1966,284,4,2018-08-24
3596,233,3,2021-01-21
2916,282,1,2020-08-09
855,170,4,2021-11-04
3976,180,1,2020-01-03
1555,94,2,2018-07-17
2604,231,1,2020-04-10
876,130,4,2021-03-18
3247,277,2,2021-07-15
3820,260,4,2021-04-15
3972,151,3,2022-03-20
953,195,2,2019-08-27
868,191,3,2020-04-29
850,154,2,2021-11-18
943,151,3,2022-10-15
201,46,2,2021-03-27
1691,125,2,2021-10-23
1326,174,3,2022-09-11
4196,117,4,2020-11-06
3414,277,2,2019-06-07
3709,122,4,2022-04-02
3015,7,3,2018-12-08
2353,154,2,2023-02-11
3068,57,4,2022-04-26
2271,243,1,2022-02-17
628,259,2,2021-11-03
2103,76,4,2018-10-20
1130,134,3,2019-01-13
3180,269,3,2022-05-15
877,153,1,2020-11-30
1700,246,1,2019-10-25
4055,105,1,2023-05-01
284,88,3,2021-03-03
2305,156,2,2018-10-15
48,63,1,2020-04-15
1302,170,4,2022-03-09
2346,294,1,2020-06-17
1621,126,1,2019-10-25
428,56,2,2021-05-22
1268,74,2,2018-06-27
3702,19,4,2021-05-20
465,166,1,2020-01-17
3167,267,4,2020-09-18
1730,29,3,2019-08-29
607,247,4,2020-06-02
2180,3,2,2023-05-09
3058,2,2,2022-08-29
1330,127,2,2020-04-01
2499,265,2,2019-03-08
3262,23,3,2018-06-02
267,188,2,2019-07-04
710,288,3,2019-02-26
379,167,4,2018-12-22
2757,179,3,2021-09-17
919,12,3,2021-01-06
3622,287,3,2018-05-21
4394,163,1,2019-09-05
3107,90,3,2021-12-16
1426,226,3,2021-10-11
1703,233,3,2022-02-17
1770,128,3,2022-09-20
1213,261,4,2019-02-21
1555,80,1,2018-07-26
348,107,1,2019-01-14
1766,79,4,2022-11-12
2959,114,4,2021-02-15
2676,278,4,2020-02-18
2874,40,1,2021-03-16
2734,8,3,2023-03-20
109,213,2,2019-07-16
1868,78,1,2022-02-27
3387,257,2,2021-06-30
2455,38,4,2019-01-14
3469,189,4,2022-01-08
2395,140,3,2020-05-04
2313,90,3,2022-01-03
3419,12,3,2020-11-26
4394,81,4,2021-07-29
1303,258,4,2020-08-14
3151,211,3,2022-04-16
480,167,4,2022-04-15
3769,177,1,2020-06-28
602,66,4,2021-11-09
64,209,1,2023-04-29
1131,95,3,2019-08-18
3303,177,1,2021-12-01
3639,11,2,2022-03-23
852,2,2,2022-06-26
2246,182,2,2022-08-25
2196,179,3,2018-09-29
2006,310,3,2020-06-28
1353,39,2,2018-06-07
3894,162,4,2018-11-12
1453,172,2,2019-01-24
2983,16,1,2022-06-14
2790,138,3,2020-01-25
3759,172,2,2018-12-02
402,11,2,2020-04-13
297,265,2,2021-11-18
498,247,4,2019-01-28
442,20,2,2022-01-05
69,166,1,2023-03-06
3350,87,2,2022-11-24
681,38,4,2018-11-06
4427,171,3,2023-04-22
3655,76,4,2021-02-28
1693,56,2,2022-06-13
1977,45,1,2022-11-18
2595,198,4,2018-09-21
1072,112,1,2022-03-08
299,62,1,2022-08-14
4056,205,2,2022-05-18
1316,325,2,2022-06-29
3946,26,3,2018-07-12
2283,72,2,2022-10-24
3855,19,4,2020-01-05
1211,88,3,2018-08-28
449,160,1,2018-10-23
4091,185,1,2022-04-11
785,81,4,2019-07-31
863,26,3,2023-03-26
1972,23,3,2019-11-27
537,29,3,2019-12-29
854,142,4,2022-02-21
2508,186,4,2021-12-24
1951,216,1,2019-01-31
1906,189,4,2020-04-09
4193,66,4,2020-05-23
1386,47,3,2019-03-10
1679,173,2,2021-04-14
4328,29,3,2021-06-11
3691,165,2,2021-09-30
2331,168,2,2021-12-05
1566,72,2,2020-02-09
2554,273,1,2021-11-24
902,132,2,2022-08-17
669,86,1,2020-05-05
4061,135,1,2018-12-09
2278,181,1,2019-06-15
334,202,3,2019-02-23
3915,320,3,2018-09-21
3549,285,2,2022-07-01
4243,115,1,2018-06-01
3424,110,2,2021-06-16
2084,14,3,2021-07-27
324,116,4,2022-11-16
2008,28,2,2019-09-13
2143,117,4,2019-04-02
4195,65,2,2018-09-19
79,201,2,2019-12-15
2010,254,1,2020-01-31
3827,36,1,2022-03-15
2135,248,3,2021-05-08
548,120,4,2022-01-27
3517,316,2,2018-09-20
599,303,2,2021-03-21
2796,30,3,2018-11-08
2126,118,4,2020-06-29
2882,23,3,2020-04-13
4095,130,4,2021-06-18
4346,177,1,2021-07-08
783,256,3,2018-08-10
2511,284,4,2018-12-13
1654,322,1,2019-07-25
3985,304,4,2019-04-25
3770,293,1,2021-03-12
3514,128,3,2023-02-05
2842,179,3,2018-07-17
3006,24,4,2022-11-11
4259,251,4,2022-05-01
283,223,2,2019-11-25
4039,266,1,2019-01-23
2179,294,1,2022-10-10
3634,169,2,2019-09-14
376,287,3,2022-04-28
9,297,3,2020-05-07
2974,142,4,2019-12-17
3824,130,4,2020-02-07
1966,297,3,2019-09-20
2389,68,3,2018-10-16
3678,83,4,2022-06-18
2322,318,3,2020-07-01
3934,290,1,2018-08-22
4079,34,2,2022-11-22
3885,301,4,2021-10-28
42,204,2,2019-06-05
1389,138,3,2022-09-01
1891,101,3,2021-12-08
2625,313,1,2021-11-13
3625,97,4,2022-09-17
1566,122,4,2019-03-17
3626,168,2,2019-02-11
428,218,3,2020-05-13
521,133,2,2018-09-16
3769,256,3,2023-01-02
3468,235,1,2022-06-28
4020,152,1,2022-11-02
3033,296,4,2021-08-13
4126,104,2,2022-06-06
2777,194,1,2022-06-18
1220,3,2,2020-06-29
1634,38,4,2019-06-20
4395,149,1,2019-10-05
4390,229,2,2019-04-21
802,24,4,2019-09-29
3683,31,2,2019-09-22
1688,101,3,2020-02-20
4,162,4,2019-11-24
3933,7,3,2020-12-03
469,32,4,2019-04-25
3740,88,3,2019-10-17
828,307,1,2022-01-19
3626,287,3,2019-07-28
1922,295,2,2022-02-08
3549,263,3,2020-12-01
3194,103,2,2022-01-07
3324,279,1,2019-07-18
2172,19,4,2018-06-24
1603,102,3,2022-07-05
2756,172,2,2019-05-19
390,219,3,2022-04-20
2267,280,3,2022-06-23
1258,61,4,2020-11-28
4406,70,1,2019-06-29
3265,167,4,2022-03-22
3494,262,2,2020-09-12
1909,13,3,2019-04-27
4048,7,3,2021-06-29
3870,71,4,2020-07-14
1387,200,2,2020-02-26
85,275,4,2022-07-20
46,9,2,2020-03-24
1855,288,3,2020-09-23
2227,283,1,2018-06-06
1743,207,1,2020-07-31
373,51,1,2022-07-15
1499,115,1,2021-09-08
925,106,1,2022-03-20
1622,274,2,2020-08-06
1302,138,3,2018-07-16
2900,275,4,2018-07-13
771,260,4,2022-06-23
732,179,3,2021-05-12
1392,258,4,2022-09-08
3878,260,4,2021-04-15
1660,172,2,2019-04-03
4268,122,4,2018-06-03
937,21,3,2021-03-28
2118,7,3,2021-02-07
2779,261,4,2021-11-21
1980,214,2,2020-04-27
3808,227,4,2018-06-01
1966,245,3,2020-07-23
2887,148,3,2019-11-21
2621,97,4,2020-12-30
3834,47,3,2019-07-17
1987,269,3,2022-05-24
1159,130,4,2018-10-31
1580,136,2,2021-10-26
439,116,4,2019-09-07
3942,234,1,2021-09-02
347,261,4,2020-09-21
2521,134,3,2022-08-17
1843,179,3,2019-07-25
189,196,3,2022-06-15
3049,111,1,2022-02-18
1924,15,3,2020-08-29
3673,224,3,2021-06-16
3300,279,1,2021-08-07
4415,89,2,2021-08-30
362,184,3,2018-12-28
2380,180,1,2023-02-08
4357,304,4,2023-04-10
4207,113,2,2020-11-03
617,32,4,2022-03-13
4177,103,2,2020-12-02
1697,221,2,2023-03-07
1742,30,3,2022-07-03
2701,289,1,2019-09-26
157,137,2,2021-01-22
3047,245,3,2022-06-11
3299,69,2,2022-09-21
3082,251,4,2023-01-17
3115,130,4,2022-04-23
2154,122,4,2019-04-10
2716,8,3,2018-08-25
4295,297,3,2022-06-22
2144,260,4,2018-10-10
2549,224,3,2019-03-29
1494,167,4,2018-08-01
1160,78,1,2023-02-18
1384,94,2,2019-04-14
1127,305,2,2021-03-23
3841,318,3,2018-09-04
2943,287,3,2021-06-10
319,159,1,2022-12-17
1894,187,2,2021-05-08
383,71,4,2018-10-27
2318,288,3,2023-04-24
2771,186,4,2018-12-10
3851,254,1,2019-07-16
523,6,2,2019-01-22
1007,186,4,2021-07-22
3872,272,2,2021-12-19
1900,193,2,2020-06-10
1190,283,1,2019-08-05
642,70,1,2020-03-26
2288,83,4,2023-01-02
3789,210,3,2019-07-30
2107,296,4,2018-10-03
2276,24,4,2018-06-06
1606,304,4,2021-04-11
2483,68,3,2020-10-12
1104,14,3,2019-03-01
1071,251,4,2020-07-15
354,260,4,2020-11-12
2404,308,2,2023-01-26
2002,30,3,2020-07-31
2597,320,3,2019-01-22
1193,270,2,2023-02-03
1754,57,4,2019-06-02
1810,205,2,2019-11-09
919,69,2,2022-10-27
2919,7,3,2021-01-01
1764,51,1,2019-09-05
3304,126,1,2019-01-09
4019,193,2,2022-03-03
2480,111,1,2020-06-27
3015,269,3,2018-09-14
2223,113,2,2018-09-01
3003,47,3,2018-07-03
973,279,1,2019-12-11
1149,125,2,2018-09-14
1691,131,2,2019-05-06
2877,253,2,2022-09-20
3375,42,4,2021-12-02
4173,38,4,2020-05-09
1599,258,4,2023-04-10
1386,162,4,2021-09-04
4021,87,2,2022-02-16
1780,119,3,2022-08-29
298,103,2,2022-11-18
2722,211,3,2021-06-07
70,102,3,2021-07-09
3221,214,2,2020-09-11
393,227,4,2018-12-02
423,224,3,2020-07-22
639,14,3,2021-07-02
216,169,2,2022-06-26
4149,183,4,2021-12-30
3215,89,2,2020-01-07
3177,306,2,2022-11-09
4349,15,3,2018-12-26
2940,66,4,2022-10-12
2264,308,2,2018-07-30
2294,23,3,2022-06-05
202,148,3,2023-01-31
3799,182,2,2018-08-20
4376,265,2,2021-06-01
2551,185,1,2021-01-15
3654,30,3,2023-02-23
3145,55,4,2021-07-09
2195,297,3,2023-02-03
2228,245,3,2022-06-25
1072,98,3,2019-02-11
1754,122,4,2019-10-14
2849,238,1,2022-06-22
553,134,3,2021-03-17
2864,237,1,2020-12-07
4063,322,1,2019-07-05
397,289,1,2022-01-29
1866,214,2,2018-08-29
2607,49,2,2018-12-28
953,12,3,2020-12-10
1478,298,2,2022-11-09
1896,206,1,2019-06-17
2835,17,1,2018-09-21
4031,90,3,2021-05-09
2963,320,3,2022-10-21
2673,261,4,2021-03-14
3910,272,2,2020-06-05
230,301,4,2019-05-17
626,197,2,2018-10-03
4247,1,1,2018-12-02
3028,283,1,2020-12-07
622,267,4,2018-07-31
3166,47,3,2020-01-24
2122,23,3,2021-06-25
4394,283,1,2020-01-27
1030,84,4,2021-04-23
4237,126,1,2018-10-08
1959,31,2,2019-06-18
2994,232,1,2022-11-05
3205,71,4,2021-01-14
4068,316,2,2020-04-14
3882,247,4,2021-02-01
1949,289,1,2021-07-02
867,229,2,2018-12-17
2556,112,1,2018-10-09
4249,2,2,2022-10-30
2455,102,3,2021-08-11
1657,292,4,2021-10-14
2598,57,4,2022-12-22
115,250,2,2020-06-23
269,275,4,2020-02-15
314,78,1,2019-05-04
3906,306,2,2021-04-19
2192,24,4,2022-04-30
2426,153,1,2020-03-09
2276,285,2,2023-02-20
1304,318,3,2020-02-17
4283,51,1,2022-10-08
1936,321,1,2022-09-24
3952,146,2,2022-05-30
2166,175,1,2022-12-29
692,93,2,2021-01-09
842,116,4,2020-06-28
3084,252,1,2020-06-11
3753,162,4,2020-07-22
3074,67,3,2021-03-15
527,97,4,2020-10-21
1819,178,1,2020-08-27
3260,284,4,2021-05-14
3616,211,3,2021-05-02
1292,21,3,2019-01-07
77,194,1,2023-01-28
4269,138,3,2022-02-27
2237,190,2,2020-04-19
3582,23,3,2021-07-08
1075,289,1,2018-11-26
3410,237,1,2022-01-02
2037,123,1,2019-11-23
278,30,3,2022-10-17
3014,161,1,2020-10-04
1786,68,3,2018-08-20
376,218,3,2019-02-26
3819,227,4,2021-05-02
2583,251,4,2021-12-17
3035,116,4,2019-12-01
4050,311,2,2023-04-08
3925,280,3,2022-11-22
2955,147,2,2019-04-27
1514,314,1,2022-12-08
1992,7,3,2020-02-25
3135,45,1,2021-11-06
1854,71,4,2021-07-22
728,219,3,2020-06-19
2431,75,4,2023-03-03
3514,26,3,2019-01-20
3619,239,1,2019-07-01
311,138,3,2022-02-25
629,145,2,2019-08-30
1528,301,4,2019-02-06
2869,120,4,2023-03-10
1749,288,3,2021-11-20
671,263,3,2019-04-23
3421,146,2,2022-09-16
2585,219,3,2022-08-10
423,178,1,2022-10-01
2606,218,3,2019-10-11
1314,98,3,2021-03-01
2471,7,3,2018-06-29
196,19,4,2019-11-20
1426,306,2,2021-11-18
4166,53,3,2020-10-30
1846,248,3,2022-06-02
599,115,1,2018-07-08
2763,300,1,2020-01-03
390,96,2,2022-02-24
2110,101,3,2020-04-26
1012,292,4,2022-12-07
1116,319,4,2022-03-22
1212,28,2,2021-05-22
2104,144,2,2021-06-28
1892,287,3,2022-09-14
1945,294,1,2021-02-12
371,317,1,2019-10-04
3080,247,4,2023-01-09
4261,151,3,2022-07-16
2111,193,2,2022-11-05
1740,162,4,2020-11-06
1280,141,1,2021-06-25
427,174,3,2019-12-22
537,101,3,2019-02-28
4082,172,2,2020-03-21
2673,277,2,2019-12-21
2353,124,1,2020-12-17
3605,167,4,2022-04-21
1743,12,3,2018-08-10
93,267,4,2020-07-23
1053,260,4,2018-08-14
2374,53,3,2022-06-05
2646,219,3,2023-02-14
1229,210,3,2019-05-16
1652,55,4,2018-06-16
2501,70,1,2021-10-20
734,211,3,2020-11-27
1853,234,1,2022-05-24
1650,68,3,2022-07-26
2309,189,4,2020-10-28
3227,32,4,2022-05-28
1003,259,2,2019-01-21
2072,280,3,2018-08-17
2208,185,1,2022-05-11
93,258,4,2023-04-12
335,60,1,2022-02-01
4318,232,1,2018-07-08
3179,104,2,2018-12-05
2227,161,1,2022-02-06
1784,143,1,2022-09-12
4151,209,1,2019-08-22
1765,217,1,2023-04-12
4397,15,3,2021-02-15
3650,302,2,2019-06-05
1695,160,1,2020-04-14
1411,115,1,2018-07-27
1596,153,1,2022-04-20
2718,312,2,2023-02-25
379,297,3,2020-02-27
1862,22,1,2022-12-28
2016,13,3,2020-12-15
3675,284,4,2021-11-11
503,189,4,2022-08-28
3881,173,2,2019-05-27
748,315,2,2022-06-10
4277,310,3,2022-01-09
3656,307,1,2020-11-04
1406,129,3,2020-10-02
3879,50,1,2022-02-07
2766,144,2,2022-11-27
2123,305,2,2019-11-08
2689,111,1,2020-03-16
3945,127,2,2018-10-07
2945,115,1,2020-01-20
4340,309,1,2021-06-03
3709,246,1,2020-11-22
2930,36,1,2018-05-26
2723,278,4,2021-08-19
1712,14,3,2020-11-27
2350,24,4,2018-08-15
1314,201,2,2020-12-28
4202,32,4,2018-12-29
4277,45,1,2019-08-26
1757,79,4,2019-01-16
2996,102,3,2019-12-18
1135,118,4,2019-02-23
3019,129,3,2019-02-04
821,288,3,2023-03-07
3545,254,1,2021-05-20
4102,191,3,2018-10-03
634,252,1,2018-08-04
1843,286,4,2021-12-16
4027,232,1,2022-02-28
2461,319,4,2022-08-23
3260,311,2,2022-08-24
4344,186,4,2018-08-25
3503,131,2,2020-07-24
23,71,4,2019-05-13
4161,45,1,2022-05-29
3551,226,3,2021-03-24
3270,218,3,2019-03-29
2662,229,2,2021-07-26
289,28,2,2019-04-09
2590,141,1,2020-02-13
1234,161,1,2023-04-03
458,180,1,2019-09-22
1039,50,1,2020-08-10
3991,84,4,2019-07-23
3173,156,2,2021-11-23
1287,315,2,2022-07-04
2552,120,4,2022-06-11
1263,18,4,2021-06-10
1469,127,2,2020-01-30
906,162,4,2022-05-07
2555,312,2,2021-02-17
280,104,2,2020-10-24
2146,190,2,2021-01-21
1583,127,2,2022-12-01
141,19,4,2018-06-26
884,205,2,2020-12-07
3283,36,1,2020-02-09
323,16,1,2021-02-03
1994,188,2,2022-04-18
2410,267,4,2018-11-19
2308,176,1,2022-01-12
504,91,2,2019-03-02
1945,93,2,2021-05-10
151,132,2,2020-07-29
4229,17,1,2019-01-06
4293,45,1,2023-02-08
3709,28,2,2021-01-25
2859,237,1,2023-04-04
2770,192,4,2020-07-19
3516,129,3,2019-07-20
2262,2,2,2021-02-13
3205,10,1,2022-11-19
4193,323,1,2019-01-08
1433,100,1,2020-02-18
2804,183,4,2018-11-17
596,181,1,2022-07-08
1293,320,3,2021-01-13
3411,151,3,2018-11-23
4171,130,4,2019-06-04
219,286,4,2023-04-02
629,247,4,2023-04-26
2779,261,4,2022-09-18
81,278,4,2020-10-21
46,34,2,2021-08-01
2359,177,1,2023-01-18
3257,96,2,2019-08-28
4243,122,4,2023-03-04
1203,202,3,2020-11-29
2018,144,2,2019-03-10
3617,25,1,2019-06-24
3702,267,4,2022-10-25
1324,251,4,2019-01-01
405,113,2,2018-11-16
756,110,2,2021-12-07
3822,226,3,2023-01-16
3529,20,2,2022-02-15
3721,301,4,2022-06-13
3466,59,1,2021-09-14
4117,213,2,2021-08-16
2805,280,3,2022-02-09
766,306,2,2020-03-24
1707,141,1,2022-02-25
2326,73,4,2018-11-23
2057,201,2,2022-10-05
620,210,3,2019-06-10
4240,196,3,2019-10-08
3274,187,2,2020-08-20
2003,170,4,2019-04-21
1135,255,1,2020-08-30
98,97,4,2020-03-28
1934,311,2,2023-05-02
1800,289,1,2022-09-29
929,155,4,2018-12-23
3237,53,3,2019-05-01
1071,118,4,2019-01-11
3582,211,3,2019-04-05
1255,210,3,2020-08-14
2261,85,2,2019-08-31
1096,154,2,2018-06-18
3778,233,3,2018-12-23
352,172,2,2018-07-18
1978,134,3,2022-10-17
2530,210,3,2021-09-10
1294,251,4,2020-02-08
4399,74,2,2018-06-19
4144,89,2,2022-02-27
769,311,2,2020-05-07
2784,315,2,2022-05-11
4249,12,3,2023-01-13
1642,165,2,2019-06-15
4057,109,1,2019-06-13
313,101,3,2021-05-09
1384,134,3,2018-05-28
1302,21,3,2019-07-23
1471,272,2,2021-02-10
4277,276,1,2018-10-24
495,256,3,2023-03-13
627,133,2,2023-01-10
4076,183,4,2020-02-14
3622,225,1,2019-08-12
2140,239,1,2020-02-07
4373,193,2,2023-02-19
2399,166,1,2021-02-14
661,138,3,2021-05-19
3560,154,2,2018-08-08
4109,243,1,2022-03-29
1570,266,1,2021-08-13
2656,79,4,2021-08-24
940,37,2,2021-05-25
4110,147,2,2020-07-05
1051,134,3,2019-08-01
2442,93,2,2018-08-03
635,214,2,2023-01-30
3872,53,3,2021-04-25
1851,7,3,2019-08-11
1680,179,3,2022-02-19
3527,285,2,2019-10-20
2398,261,4,2020-05-13
3054,29,3,2021-12-24
2221,110,2,2020-10-08
3976,196,3,2020-05-13
1208,111,1,2021-07-13
3287,286,4,2022-03-25
3511,245,3,2019-04-13
2606,150,1,2019-03-21
3158,156,2,2022-02-09
2769,7,3,2022-03-27
685,261,4,2018-05-25
877,309,1,2018-07-18
3602,243,1,2018-12-12
1099,280,3,2019-10-12
2405,314,1,2018-11-01
1844,55,4,2022-10-04
2585,215,4,2022-11-25
1732,186,4,2020-12-30
605,74,2,2023-04-05
3647,24,4,2022-07-17
3434,215,4,2022-05-04
2108,68,3,2022-01-29
2499,128,3,2021-04-25
2354,78,1,2020-05-30
847,265,2,2021-10-14
178,104,2,2022-05-14
467,52,2,2021-04-14
3063,30,3,2023-02-26
2640,174,3,2018-06-29
3268,183,4,2021-11-01
2115,279,1,2021-05-19
3602,298,2,2022-10-21
2324,318,3,2020-03-08
1121,38,4,2020-04-08
2821,141,1,2020-08-21
2895,275,4,2021-02-20
1769,76,4,2022-08-03
66,129,3,2021-12-18
1134,121,3,2019-05-19
1170,76,4,2022-06-10
233,288,3,2020-06-01
3236,207,1,2019-10-08
3901,93,2,2022-12-13
3515,213,2,2019-12-23
1637,307,1,2023-01-14
276,114,4,2020-08-09
1494,108,1,2019-06-19
636,13,3,2020-12-06
4032,168,2,2022-05-04
1888,16,1,2022-05-02
606,36,1,2020-05-11
2594,134,3,2021-01-23
2244,268,2,2018-10-08
3323,76,4,2020-02-18
1283,95,3,2018-06-16
3053,25,1,2020-03-17
1680,61,4,2021-02-07
3328,247,4,2021-06-19
1185,50,1,2018-06-19
833,296,4,2021-04-15
541,98,3,2019-10-31
2549,219,3,2019-02-20
986,141,1,2022-10-06
2583,113,2,2022-12-24
1329,45,1,2021-08-30
3152,251,4,2021-03-15
3171,311,2,2023-05-04
779,310,3,2019-07-17
2463,42,4,2020-03-02
3879,212,1,2020-07-28
3949,18,4,2018-09-20
2729,35,2,2021-11-28
2371,136,2,2022-03-02
762,248,3,2019-08-22
3751,265,2,2019-01-08
2330,171,3,2020-11-02
2921,164,2,2019-03-05
2711,289,1,2020-01-01
3674,282,1,2022-05-27
3752,132,2,2020-05-28
755,280,3,2021-03-29
2051,101,3,2019-11-07
3909,162,4,2019-09-08
1482,30,3,2020-05-11
1866,161,1,2022-09-29
2567,250,2,2019-08-11
221,219,3,2023-05-21
2617,120,4,2022-11-13
4028,211,3,2021-03-20
3281,129,3,2019-01-06
2698,254,1,2022-09-02
2711,52,2,2019-05-24
3828,171,3,2021-08-11
395,136,2,2023-02-02
2223,226,3,2022-05-17
4418,244,1,2023-01-24
4278,42,4,2020-06-08
3888,229,2,2020-12-21
2536,110,2,2020-05-13
2509,101,3,2019-10-13
4236,59,1,2018-06-07
1244,1,1,2021-09-20
2829,292,4,2019-11-05
4305,98,3,2019-07-31
4398,103,2,2022-04-09
582,236,1,2020-09-30
77,145,2,2018-10-04
1353,101,3,2020-09-29
1238,171,3,2021-03-29
202,62,1,2021-06-03
1709,61,4,2018-08-15
303,19,4,2019-05-27
36,4,4,2023-02-21
2336,196,3,2021-08-14
1327,162,4,2019-07-13
2522,147,2,2019-01-26
1944,21,3,2022-05-09
2793,298,2,2019-01-05
2766,124,1,2020-07-09
370,257,2,2020-06-16
4256,7,3,2019-08-30
2720,33,2,2021-05-06
3921,286,4,2023-01-20
373,7,3,2021-03-13
2765,28,2,2021-07-20
2522,120,4,2021-12-30
2327,109,1,2023-04-25
932,84,4,2023-04-25
3403,198,4,2020-12-21
1299,218,3,2021-01-08
2588,192,4,2019-05-05
521,220,1,2020-03-15
1112,66,4,2018-09-20
1756,312,2,2022-09-02
4421,224,3,2023-03-19
1799,217,1,2022-06-27
1696,66,4,2018-11-10
2518,121,3,2022-01-30
4242,81,4,2023-01-10
3221,92,3,2019-11-19
2133,268,2,2019-08-07
2319,35,2,2019-05-24
817,214,2,2018-10-02
3650,133,2,2023-02-20
420,292,4,2022-04-01
374,319,4,2020-05-24
1675,204,2,2021-03-01
4167,92,3,2023-05-15
2958,5,1,2022-07-24
870,83,4,2018-12-28
1707,240,1,2019-10-25
2880,211,3,2021-10-05
3903,157,1,2018-11-23
2545,275,4,2021-11-06
782,84,4,2020-08-02
4010,210,3,2022-03-06
4022,197,2,2020-12-30
906,301,4,2022-02-16
1397,249,1,2020-06-21
1849,232,1,2022-01-25
3768,26,3,2020-05-05
1943,202,3,2018-10-26
3236,99,1,2021-12-20
2736,240,1,2020-05-07
465,289,1,2020-12-27
3934,262,2,2022-08-10
64,313,1,2020-04-26
125,157,1,2019-05-05
3982,290,1,2019-10-25
1797,260,4,2020-01-29
1822,189,4,2022-06-09
2859,234,1,2020-07-01
4080,280,3,2021-08-05
1327,48,1,2019-04-22
2052,31,2,2018-06-18
1637,161,1,2020-09-19
3649,297,3,2020-06-03
613,80,1,2021-03-21
161,279,1,2021-01-12
3680,23,3,2022-01-06
4310,193,2,2022-09-02
3125,94,2,2021-03-28
4333,252,1,2021-03-09
3779,4,4,2022-05-01
3781,106,1,2019-03-12
2417,233,3,2021-05-06
1569,320,3,2021-07-05
2935,186,4,2018-09-04
572,207,1,2022-03-16
84,128,3,2020-08-28
2192,20,2,2022-01-23
887,221,2,2022-02-23
1284,107,1,2022-03-16
3396,72,2,2020-07-19
1858,252,1,2022-11-10
1038,277,2,2019-07-05
3455,215,4,2019-06-04
3603,96,2,2019-10-31
4422,173,2,2021-01-08
2441,81,4,2023-02-17
3642,265,2,2022-01-16
4213,63,1,2019-09-01
3792,164,2,2018-10-09
3096,172,2,2021-01-21
532,74,2,2022-06-04
385,92,3,2019-01-12
3454,48,1,2021-12-24
451,253,2,2018-11-24
103,42,4,2018-08-19
743,71,4,2023-02-11
3029,144,2,2022-05-05
2118,136,2,2018-09-08
385,224,3,2021-11-12
3605,64,1,2019-08-04
2016,103,2,2018-07-16
650,261,4,2018-06-18
1298,82,1,2022-07-03
1132,320,3,2022-10-20
3368,104,2,2018-08-18
1911,77,1,2020-10-02
4005,67,3,2023-03-13
3700,76,4,2019-01-17
973,4,4,2020-10-04
736,38,4,2019-11-20
3316,239,1,2022-11-10
3177,9,2,2018-12-12
3686,254,1,2021-06-11
890,85,2,2020-07-22
1837,174,3,2023-01-16
981,187,2,2019-04-19
2167,172,2,2021-01-03
3730,315,2,2021-08-24
1329,130,4,2021-08-13
2304,261,4,2019-10-28
1216,191,3,2022-03-09
3788,261,4,2022-06-07
2881,15,3,2021-03-02
4039,68,3,2019-11-07
444,46,2,2020-04-08
2340,146,2,2018-06-16
2920,316,2,2021-09-14
754,9,2,2023-01-24
4272,296,4,2021-03-22
3359,71,4,2019-01-19
2046,145,2,2020-10-23
3920,174,3,2022-02-16
110,251,4,2020-01-30
3304,249,1,2019-09-02
3661,227,4,2018-11-16
3747,140,3,2018-12-26
3689,270,2,2019-07-25
3509,173,2,2021-06-10
4388,96,2,2018-12-06
939,63,1,2021-01-11
4368,179,3,2022-12-17
2473,215,4,2020-11-02
4014,239,1,2018-11-11
1637,84,4,2019-06-14
329,28,2,2020-07-17
3487,220,1,2021-12-27
3354,268,2,2022-03-17
1328,245,3,2022-06-29
4281,18,4,2021-04-07
3624,159,1,2020-12-02
883,202,3,2023-03-28
934,267,4,2020-02-08
3796,182,2,2021-06-23
289,143,1,2019-06-01
3866,233,3,2020-05-14
1328,30,3,2022-01-27
643,106,1,2019-03-07
1748,230,3,2023-05-09
679,256,3,2022-07-06
1753,54,1,2022-02-25
2601,261,4,2023-02-23
255,125,2,2018-07-29
4079,308,2,2019-12-07
1828,230,3,2018-12-07
2590,119,3,2019-02-09
1387,103,2,2019-03-01
2415,218,3,2019-01-02
3954,227,4,2020-01-15
1182,280,3,2021-08-21
3304,58,2,2021-07-18
853,190,2,2021-06-22
2748,280,3,2019-01-22
1297,52,2,2021-12-31
3589,251,4,2019-03-01
2799,91,2,2021-12-09
4209,4,4,2020-08-11
3305,288,3,2022-06-17
1170,326,1,2023-02-06
1952,119,3,2020-08-29
1861,311,2,2023-01-25
2000,138,3,2018-10-01
976,286,4,2019-04-04
719,13,3,2021-12-22
4416,92,3,2022-08-17
4045,8,3,2019-09-04
3589,71,4,2019-01-09
590,230,3,2019-02-28
606,222,1,2021-08-20
726,191,3,2019-07-02
3670,151,3,2023-03-30
3856,20,2,2020-08-17
3196,24,4,2022-06-01
3213,188,2,2023-02-17
3709,56,2,2019-10-29
3444,198,4,2021-09-26
1246,296,4,2019-03-10
1358,64,1,2018-10-17
3300,81,4,2022-11-21
390,151,3,2021-10-20
404,2,2,2023-01-31
1872,121,3,2018-09-02
1261,184,3,2022-10-11
368,164,2,2021-09-18
4362,238,1,2023-02-01
4244,57,4,2022-02-22
3090,57,4,2020-10-13
2968,114,4,2022-01-06
3775,3,2,2021-03-15
3848,131,2,2023-03-09
1934,189,4,2019-05-18
986,83,4,2021-05-11
2525,99,1,2022-12-01
2829,134,3,2021-11-06
1450,43,1,2019-03-13
1643,184,3,2019-10-06
3960,56,2,2021-04-29
2625,197,2,2018-12-10
3361,19,4,2022-10-04
1475,212,1,2021-03-04
869,200,2,2018-08-15
519,5,1,2020-11-02
2542,275,4,2019-09-20
2468,142,4,2022-11-08
1339,180,1,2021-06-14
4014,23,3,2021-04-05
3865,275,4,2023-01-11
3484,231,1,2021-03-15
1887,26,3,2021-04-19
2209,268,2,2020-05-26
3649,10,1,2023-04-30
430,53,3,2018-10-21
1459,3,2,2019-10-25
3321,227,4,2020-05-06
3576,167,4,2019-03-31
141,7,3,2019-02-26
400,73,4,2022-10-01
2307,92,3,2019-11-09
1326,314,1,2022-06-25
2283,1,1,2021-03-02
3939,188,2,2018-09-05
674,142,4,2019-04-29
4244,123,1,2022-07-30
1266,295,2,2020-12-09
687,283,1,2019-03-26
4182,301,4,2023-02-14
3187,30,3,2021-10-20
2819,8,3,2020-10-30
3664,138,3,2019-10-05
3348,85,2,2020-06-12
2520,280,3,2023-05-11
1207,77,1,2020-03-02
726,311,2,2022-08-07
3790,212,1,2022-02-10
3756,104,2,2022-08-05
2846,285,2,2022-10-20
1304,92,3,2018-11-22
3877,162,4,2019-12-18
2808,207,1,2019-09-04
809,92,3,2022-09-09
3739,284,4,2023-03-20
3782,1,1,2022-06-24
4058,202,3,2020-12-08
2429,192,4,2018-07-12
2144,15,3,2019-02-12
3482,74,2,2018-11-29
2049,8,3,2019-04-12
3049,142,4,2021-04-19
2066,163,1,2019-08-19
2144,264,1,2020-08-31
3044,174,3,2018-08-13
1745,19,4,2021-12-11
3889,146,2,2023-04-11
742,162,4,2018-05-21
3101,212,1,2020-05-15
3545,140,3,2018-06-29
673,11,2,2019-06-14
1791,113,2,2020-05-02
2648,175,1,2019-12-30
1358,73,4,2022-12-11
1442,41,2,2021-04-22
2725,215,4,2021-05-14
1243,68,3,2022-06-08
3577,277,2,2019-03-25
1609,154,2,2019-08-30
4329,186,4,2019-02-23
1391,250,2,2020-06-07
3981,275,4,2019-11-09
1130,114,4,2020-03-19
1382,226,3,2020-11-25
3507,71,4,2022-06-06
4299,143,1,2021-07-18
1723,184,3,2020-11-29
3268,268,2,2019-08-20
4234,118,4,2020-02-18
2330,226,3,2018-09-26
2205,11,2,2019-07-08
2763,21,3,2021-11-09
3483,66,4,2020-06-05
1825,90,3,2018-09-21
1770,189,4,2022-12-15
3996,90,3,2019-10-13
3115,191,3,2023-01-14
1548,30,3,2019-12-08
4110,215,4,2021-05-25
2352,226,3,2022-05-01
1197,232,1,2019-03-07
1187,95,3,2018-11-02
26,180,1,2021-12-10
3368,260,4,2020-07-23
4400,239,1,2022-07-13
2466,186,4,2020-05-02
272,114,4,2020-08-25
2018,298,2,2022-08-18
2193,56,2,2021-03-25
1976,129,3,2022-04-01
4082,33,2,2023-03-09
2674,247,4,2021-06-10
4001,20,2,2019-11-20
3027,65,2,2019-03-05
3278,156,2,2020-09-27
1293,92,3,2021-02-10
707,59,1,2018-11-14
1288,101,3,2018-09-05
1078,233,3,2022-07-18
64,101,3,2021-09-25
2012,26,3,2020-06-01
4093,13,3,2020-02-14
1053,307,1,2022-12-17
1599,79,4,2021-12-13
2317,123,1,2020-10-30
1809,275,4,2019-03-01
3051,122,4,2022-08-10
1447,16,1,2021-07-01
2401,307,1,2020-04-11
1425,114,4,2022-10-16
2827,259,2,2022-07-06
3748,260,4,2022-12-27
2113,137,2,2018-10-04
1725,164,2,2019-03-01
1486,68,3,2019-09-17
630,149,1,2020-01-20
102,5,1,2018-11-07
458,251,4,2018-11-21
2276,119,3,2022-04-01
1791,248,3,2019-02-26
2545,318,3,2019-09-03
4124,42,4,2020-11-11
1311,295,2,2022-01-20
152,53,3,2018-06-14
3265,117,4,2019-12-26
2964,230,3,2023-03-17
4113,84,4,2019-07-12
2165,130,4,2020-08-11
3802,100,1,2019-01-12
2436,134,3,2022-08-05
1457,13,3,2019-04-21
4330,260,4,2018-07-23
4255,59,1,2021-12-28
4424,37,2,2020-05-08
2883,222,1,2022-06-27
3930,101,3,2021-06-28
2430,153,1,2019-09-14
1885,243,1,2022-09-11
67,215,4,2018-09-03
2587,94,2,2022-07-29
3931,164,2,2023-02-28
4306,257,2,2020-12-16
962,10,1,2019-05-28
2381,235,1,2018-07-29
4001,280,3,2020-05-20
602,189,4,2021-03-12
2132,7,3,2023-02-18
1395,172,2,2019-06-15
1779,127,2,2019-11-29
2545,185,1,2022-05-28
693,84,4,2022-08-05
786,54,1,2021-03-09
1344,41,2,2021-06-22
289,83,4,2018-09-08
1081,252,1,2018-09-20
1354,25,1,2018-07-25
1379,47,3,2022-12-25
1775,188,2,2019-01-17
3425,19,4,2023-02-16
4101,326,1,2019-05-18
4223,225,1,2020-01-09
1647,111,1,2019-01-25
751,240,1,2022-04-30
918,218,3,2020-12-27
4306,87,2,2023-05-03
2523,218,3,2021-10-11
2176,315,2,2021-06-11
3485,299,2,2018-08-13
2852,191,3,2019-07-14
3259,66,4,2021-09-19
4004,119,3,2019-05-26
3651,95,3,2020-07-31
4229,245,3,2022-05-25
761,84,4,2021-04-18
2252,259,2,2020-02-24
3890,258,4,2019-11-16
1258,269,3,2021-05-28
3231,53,3,2021-12-17
2874,251,4,2021-10-16
3880,291,1,2018-06-23
2680,255,1,2022-05-13
2523,166,1,2019-09-20
508,264,1,2022-08-04
641,79,4,2019-07-02
312,210,3,2021-01-07
2475,168,2,2018-09-12
657,284,4,2019-10-18
829,96,2,2022-01-27
2022,325,2,2019-12-17
1760,277,2,2018-11-17
1372,267,4,2019-01-30
336,309,1,2020-12-24
1414,71,4,2022-10-18
3436,215,4,2021-02-27
1190,223,2,2020-05-29
3379,280,3,2020-06-29
4288,312,2,2020-05-14
1047,312,2,2019-10-03
4119,198,4,2019-12-05
3577,34,2,2019-09-20
1639,124,1,2021-09-18
1025,245,3,2021-05-26
906,247,4,2018-11-16
4366,170,4,2019-08-14
703,179,3,2020-10-30
3828,26,3,2021-01-10
808,4,4,2019-09-20
2026,120,4,2021-08-12
2,215,4,2022-09-19
3897,120,4,2022-02-05
808,208,2,2020-05-28
3218,323,1,2022-06-12
2332,91,2,2020-01-17
3517,227,4,2022-05-15
3977,121,3,2022-08-05
2865,310,3,2019-08-01
1700,3,2,2021-06-04
2923,4,4,2019-10-08
547,247,4,2018-11-03
207,22,1,2021-04-26
2741,297,3,2019-02-25
1403,318,3,2020-07-19
1266,149,1,2021-12-24
224,221,2,2018-06-08
3104,290,1,2018-08-09
3925,42,4,2018-05-28
1688,269,3,2022-12-09
408,319,4,2022-05-30
4188,49,2,2022-10-08
1224,161,1,2019-08-03
1985,44,2,2020-03-19
1036,26,3,2021-08-08
2194,288,3,2019-09-10
2348,292,4,2022-04-03
3735,240,1,2022-02-20
1661,192,4,2021-01-10
4284,121,3,2022-08-06
973,156,2,2021-03-17
3925,1,1,2022-04-17
4117,306,2,2020-06-30
2543,175,1,2020-10-21
3858,107,1,2019-03-23
1477,191,3,2021-07-12
2045,133,2,2022-06-28
1992,208,2,2019-06-26
3355,80,1,2020-07-04
3769,290,1,2018-09-23
1889,190,2,2022-07-09
2202,132,2,2021-08-15
67,316,2,2020-02-22
2669,293,1,2023-02-08
4409,96,2,2021-12-19
4230,102,3,2020-01-01
3468,68,3,2022-09-18
1682,97,4,2019-12-23
431,83,4,2019-05-27
3150,258,4,2019-04-14
1723,229,2,2022-01-21
1965,243,1,2020-06-28
2514,224,3,2020-07-07
3621,138,3,2020-11-06
529,152,1,2021-06-06
668,81,4,2018-10-23
3123,148,3,2019-03-12
1445,242,2,2022-03-17
1373,53,3,2021-12-06
2045,73,4,2019-12-16
4331,84,4,2019-10-05
4422,293,1,2018-12-25
1718,4,4,2018-09-16
3002,168,2,2019-06-28
862,136,2,2019-03-22
429,11,2,2021-07-21
107,120,4,2023-04-20
3165,231,1,2019-01-04
669,61,4,2020-12-05
3268,226,3,2021-02-13
3935,167,4,2021-03-14
2097,128,3,2023-01-29
948,225,1,2023-04-16
1521,85,2,2020-06-30
1042,143,1,2020-02-10
1362,100,1,2018-08-10
810,265,2,2021-03-21
4208,57,4,2019-09-20
2637,196,3,2021-02-28
3949,16,1,2018-10-24
2209,173,2,2022-08-06
656,34,2,2020-04-20
835,26,3,2019-01-20
1816,260,4,2021-12-01
4096,183,4,2019-03-31
2614,294,1,2023-04-20
378,297,3,2022-02-01
2821,205,2,2020-03-08
3703,159,1,2021-02-03
3209,120,4,2020-01-19
257,130,4,2021-03-09
2376,7,3,2021-10-01
2686,241,4,2022-02-27
3769,314,1,2020-09-10
2317,54,1,2023-01-26
1056,319,4,2018-08-20
153,135,1,2021-06-01
2391,166,1,2022-10-05
3087,59,1,2022-04-10
2362,204,2,2020-01-14
4109,15,3,2018-11-16
108,239,1,2022-11-11
634,101,3,2019-12-24
1259,316,2,2021-11-20
2498,197,2,2021-10-16
3110,196,3,2023-01-15
2889,106,1,2019-12-05
1952,117,4,2021-05-10
2625,88,3,2018-07-25
3050,210,3,2018-06-26
497,245,3,2018-10-23
3512,196,3,2021-02-08
939,114,4,2019-04-14
1018,269,3,2021-02-05
893,317,1,2022-09-24
3995,191,3,2020-07-04
899,73,4,2021-03-14
3036,69,2,2022-07-05
2470,224,3,2021-11-12
3799,15,3,2019-11-16
3458,132,2,2021-01-09
603,251,4,2022-12-21
2099,29,3,2020-09-02
3387,123,1,2021-01-12
3226,191,3,2021-11-22
3762,275,4,2020-09-27
2010,298,2,2020-12-28
3771,50,1,2022-07-19
1234,23,3,2019-12-03
4306,101,3,2019-12-25
1039,61,4,2018-06-28
3261,288,3,2023-04-29
3283,96,2,2021-09-06
2435,11,2,2022-05-29
2534,120,4,2021-03-31
1067,173,2,2020-12-27
2285,296,4,2019-10-09
3366,46,2,2019-11-22
709,109,1,2023-01-08
3077,174,3,2019-09-15
807,57,4,2018-12-18
3354,23,3,2021-07-13
99,236,1,2019-07-25
3939,271,1,2019-04-26
4198,310,3,2021-08-02
1385,44,2,2021-01-24
3834,172,2,2020-11-12
2685,47,3,2020-05-04
3727,29,3,2022-12-07
764,136,2,2023-03-02
3168,32,4,2022-11-01
659,160,1,2019-09-05
2594,256,3,2019-05-13
3049,153,1,2022-04-17
3221,271,1,2020-08-18
4426,138,3,2018-11-22
743,12,3,2019-03-23
2919,234,1,2020-05-07
2710,295,2,2019-09-24
393,282,1,2020-07-18
1793,6,2,2018-06-07
3550,133,2,2018-07-02
2031,81,4,2019-04-22
348,116,4,2018-07-12
3250,319,4,2022-05-23
3508,292,4,2019-08-31
348,165,2,2018-05-27
3596,14,3,2019-03-27
2130,51,1,2018-07-09
1161,65,2,2019-02-01
1742,198,4,2019-07-31
3122,109,1,2020-02-26
8,107,1,2022-12-02
3573,43,1,2019-02-26
717,230,3,2022-12-31
608,19,4,2020-06-23
557,217,1,2023-01-04
779,292,4,2022-05-20
1877,275,4,2018-07-10
1885,229,2,2022-01-31
3327,320,3,2021-04-01
3068,62,1,2022-11-01
941,232,1,2019-04-18
2182,196,3,2021-03-29
1758,324,2,2018-07-23
4144,244,1,2018-10-04
1128,30,3,2019-05-13
1397,24,4,2021-01-29
2627,118,4,2019-09-28
1836,18,4,2022-10-15
654,296,4,2023-02-17
416,186,4,2018-10-14
3242,11,2,2019-09-01
2850,301,4,2021-12-10
1386,90,3,2021-09-05
73,285,2,2020-10-18
3554,148,3,2021-03-28
2098,293,1,2022-10-08
4279,18,4,2020-05-15
63,266,1,2020-09-29
3908,295,2,2022-02-26
3169,123,1,2023-01-17
4367,147,2,2019-11-20
2330,135,1,2023-04-25
2357,72,2,2021-05-04
1844,323,1,2019-05-08
706,33,2,2019-04-15
1100,266,1,2018-11-07
501,102,3,2021-09-15
2082,60,1,2023-01-14
257,250,2,2022-02-13
2317,61,4,2020-06-01
3215,19,4,2023-03-10
599,28,2,2021-04-30
925,66,4,2022-01-07
110,75,4,2018-10-26
2662,21,3,2019-06-06
858,188,2,2019-06-09
2180,94,2,2020-03-07
3941,220,1,2021-10-15
3064,114,4,2022-04-14
1560,85,2,2020-11-17
1505,225,1,2020-06-26
1279,134,3,2022-09-04
1211,162,4,2022-03-15
1606,300,1,2018-08-07
470,20,2,2023-01-14
1449,300,1,2018-09-19
2583,159,1,2022-09-07
1364,150,1,2021-03-21
683,293,1,2020-08-28
1992,30,3,2019-01-03
2099,76,4,2020-04-10
2167,24,4,2021-03-17
4250,144,2,2020-12-19
2545,120,4,2021-08-07
3229,156,2,2022-08-01
403,182,2,2022-11-07
4187,126,1,2022-10-16
1859,303,2,2022-03-29
4364,326,1,2022-07-25
2357,58,2,2021-03-07
3670,223,2,2018-12-06
4233,189,4,2021-01-10
2689,48,1,2021-10-18
3004,29,3,2018-10-01
1509,28,2,2021-01-29
2671,150,1,2018-11-16
1667,224,3,2022-02-02
1863,102,3,2019-10-12
2576,25,1,2020-06-24
2986,123,1,2022-01-02
149,119,3,2019-09-14
359,317,1,2021-09-14
2169,315,2,2021-03-11
488,304,4,2020-08-19
1427,40,1,2019-07-05
2985,65,2,2020-05-11
3555,284,4,2022-07-01
1198,129,3,2022-12-20
2571,258,4,2018-07-20
952,69,2,2020-05-28
2116,36,1,2022-06-02
2764,33,2,2019-01-14
808,174,3,2020-09-13
478,284,4,2021-01-21
24,326,1,2020-05-19
2395,319,4,2018-12-29
2341,15,3,2020-10-27
543,4,4,2021-03-20
3201,204,2,2019-05-30
2143,310,3,2019-12-08
841,77,1,2019-03-13
3473,262,2,2021-01-08
657,166,1,2023-05-06
2184,86,1,2019-02-16
1968,295,2,2019-05-25
4206,131,2,2022-05-27
1805,289,1,2022-12-10
2305,277,2,2019-01-04
2083,178,1,2021-04-23
2889,167,4,2019-09-21
3904,284,4,2023-02-16
324,10,1,2022-06-12
1719,15,3,2023-05-16
4049,308,2,2021-05-18
4058,108,1,2023-03-03
157,244,1,2020-06-22
4336,303,2,2020-12-01
2809,223,2,2019-07-27
1740,105,1,2021-07-28
4342,39,2,2018-10-20
1151,39,2,2019-07-07
1201,271,1,2020-05-22
2613,118,4,2021-08-18
2149,113,2,2021-10-28
3445,13,3,2020-12-24
1556,269,3,2019-05-01
972,301,4,2021-11-09
2463,24,4,2018-10-08
2435,255,1,2020-10-01
3337,210,3,2020-12-28
4012,66,4,2021-05-11
690,143,1,2022-08-05
2173,55,4,2021-12-28
3216,300,1,2022-10-11
1510,280,3,2022-02-11
558,80,1,2022-03-09
4090,46,2,2022-04-14
929,259,2,2022-04-11
540,164,2,2022-12-10
3916,24,4,2020-12-20
3016,321,1,2022-02-02
3423,251,4,2022-06-03
3338,18,4,2019-09-16
1156,20,2,2020-04-15
2969,235,1,2021-06-09
2916,63,1,2021-02-12
3386,95,3,2021-03-01
2848,171,3,2020-05-21
1709,146,2,2020-05-21
249,67,3,2021-11-15
3605,91,2,2019-05-29
908,235,1,2022-02-20
2063,261,4,2018-12-03
2146,152,1,2021-08-07
1962,291,1,2020-09-11
2749,272,2,2019-06-30
3168,228,1,2022-01-16
3216,137,2,2022-02-07
2100,309,1,2020-01-22
2086,74,2,2019-09-12
3441,187,2,2019-12-29
2297,4,4,2021-01-15
1801,326,1,2019-03-16
141,224,3,2020-12-14
2947,326,1,2021-07-19
3838,184,3,2019-06-16
2657,8,3,2021-12-02
3129,185,1,2022-06-01
994,286,4,2018-10-15
1838,241,4,2020-06-27
2444,9,2,2023-04-22
1699,75,4,2022-12-08
4400,65,2,2020-04-17
3046,320,3,2021-12-11
3522,315,2,2020-08-23
751,218,3,2021-02-03
359,236,1,2022-09-09
4245,292,4,2020-02-19
1894,147,2,2019-08-07
2405,267,4,2019-04-09
4062,61,4,2022-05-22
584,134,3,2021-04-08
3473,121,3,2019-08-28
3627,122,4,2020-02-14
827,61,4,2019-07-14
4335,35,2,2020-03-31
3671,186,4,2018-12-04
2669,155,4,2022-07-09
1169,223,2,2019-01-10
388,127,2,2019-08-07
1069,217,1,2019-11-26
3189,212,1,2023-01-19
4401,83,4,2022-12-05
2703,33,2,2022-09-12
1434,28,2,2020-06-29
1337,112,1,2022-10-14
1468,73,4,2021-01-24
4205,166,1,2020-01-19
3500,316,2,2021-11-20
681,236,1,2022-11-14
2248,58,2,2020-05-18
1668,54,1,2023-03-07
2196,292,4,2020-08-01
2911,142,4,2019-04-26
3927,186,4,2023-01-16
4382,261,4,2020-04-08
4166,117,4,2023-02-13
2198,198,4,2019-02-08
649,97,4,2020-12-17
464,131,2,2018-12-04
410,211,3,2022-06-04
311,256,3,2021-08-31
4201,164,2,2021-12-27
1079,268,2,2018-12-31
1762,122,4,2021-10-26
4232,78,1,2019-10-25
3425,271,1,2019-10-30
2962,228,1,2022-09-23
2235,277,2,2022-06-27
1198,25,1,2019-10-02
3766,68,3,2022-05-27
1746,200,2,2020-06-07
2960,204,2,2020-07-20
508,29,3,2023-01-31
45,215,4,2020-05-09
824,48,1,2020-06-11
2678,171,3,2022-08-02
3445,161,1,2020-09-04
3177,170,4,2023-04-03
4175,137,2,2019-05-12
2263,56,2,2021-02-02
2598,254,1,2019-04-12
2687,132,2,2022-06-21
1677,95,3,2019-12-11
3360,30,3,2018-06-22
1541,170,4,2019-12-05
206,229,2,2022-12-25
62,82,1,2020-11-07
2112,206,1,2020-02-12
906,57,4,2021-09-02
4169,230,3,2019-03-06
4238,219,3,2023-04-25
2978,91,2,2020-05-02
4212,152,1,2018-10-01
1786,6,2,2021-11-03
994,280,3,2020-08-05
1099,118,4,2022-06-23
2065,317,1,2022-06-27
1278,167,4,2018-08-13
103,292,4,2020-01-22
3043,317,1,2019-10-10
3456,45,1,2019-07-31
1708,226,3,2018-05-25
4292,19,4,2023-02-03
3548,143,1,2019-07-29
2328,275,4,2019-10-08
1793,298,2,2020-08-06
168,61,4,2022-11-01
3112,24,4,2020-07-01
2440,215,4,2020-05-14
587,251,4,2021-05-14
2505,136,2,2019-12-10
256,75,4,2019-10-09
2231,195,2,2021-02-24
2590,35,2,2021-02-27
1364,48,1,2021-03-09
3377,272,2,2022-06-19
661,286,4,2021-05-22
1610,138,3,2023-05-13
3837,291,1,2022-12-14
1045,66,4,2022-09-28
1235,30,3,2022-03-17
2902,184,3,2020-09-28
679,6,2,2023-05-07
2674,148,3,2022-09-21
292,325,2,2022-10-07
2160,131,2,2019-09-08
1281,275,4,2020-08-27
4242,194,1,2019-06-30
1046,297,3,2019-01-30
1956,69,2,2018-08-10
315,98,3,2023-02-16
4416,6,2,2019-09-29
2461,6,2,2020-05-11
2055,123,1,2019-04-30
2981,61,4,2019-04-15
2671,270,2,2019-05-29
4074,252,1,2018-09-24
1418,301,4,2018-09-28
700,246,1,2019-04-02
462,29,3,2021-11-19
1983,158,1,2022-06-29
1399,205,2,2021-05-17
4295,33,2,2022-03-02
1752,140,3,2018-09-25
1797,152,1,2023-03-26
2536,15,3,2022-04-08
1253,83,4,2019-12-04
644,52,2,2020-01-31
1235,226,3,2021-06-02
1953,304,4,2022-01-21
4426,152,1,2019-09-26
2681,167,4,2023-02-09
2877,317,1,2023-03-21
4333,300,1,2023-04-07
742,257,2,2023-01-29
3633,316,2,2018-11-07
1681,216,1,2022-09-14
2637,89,2,2021-04-14
710,253,2,2020-08-20
2428,50,1,2022-06-29
243,32,4,2021-07-08
4395,248,3,2020-02-29
3544,14,3,2021-03-01
2555,129,3,2020-08-02
1086,59,1,2019-04-17
1953,246,1,2021-11-04
4276,309,1,2022-05-11
3186,130,4,2023-01-16
2785,237,1,2022-05-14
3154,142,4,2023-05-11
676,138,3,2021-05-09
719,324,2,2022-06-03
29,119,3,2023-01-01
1921,41,2,2022-10-15
798,64,1,2022-05-03
476,139,1,2021-06-26
623,270,2,2023-03-31
42,118,4,2022-12-15
1973,230,3,2019-07-27
2780,157,1,2021-07-10
3398,171,3,2021-02-25
3591,53,3,2020-11-01
2927,315,2,2022-11-03
1548,82,1,2019-08-08
1368,210,3,2020-03-22
2980,182,2,2021-05-06
4356,258,4,2021-10-02
921,74,2,2018-09-01
3212,302,2,2021-10-12
1248,166,1,2021-11-09
998,12,3,2020-06-30
64,292,4,2022-06-17
2751,238,1,2019-12-06
4352,110,2,2020-05-02
3832,199,1,2020-02-10
2599,1,1,2020-08-31
1407,38,4,2018-11-21
2719,105,1,2019-12-29
2443,128,3,2019-07-20
3345,275,4,2022-08-24
1107,77,1,2019-04-30
3716,48,1,2021-10-09
744,84,4,2018-07-12
2698,229,2,2018-09-17
3080,213,2,2019-10-06
1481,251,4,2022-01-14
3074,316,2,2022-05-21
630,230,3,2021-11-04
3370,56,2,2020-12-13
4339,2,2,2023-05-08
1305,138,3,2020-05-15
2593,83,4,2018-08-17
1674,235,1,2022-04-18
4002,96,2,2020-06-27
2969,306,2,2019-08-17
999,232,1,2018-07-17
1394,53,3,2018-09-28
226,203,1,2022-11-25
2772,260,4,2022-07-17
4024,79,4,2019-12-21
2310,162,4,2022-02-23
737,130,4,2019-10-26
1431,256,3,2021-08-18
1105,299,2,2019-11-10
97,174,3,2022-10-07
3306,34,2,2019-06-19
2487,37,2,2022-08-19
1154,208,2,2022-10-12
4072,265,2,2021-11-04
4335,322,1,2019-04-05
3047,213,2,2021-10-15
267,189,4,2019-11-17
2859,42,4,2018-06-04
2339,82,1,2019-12-02
297,239,1,2020-05-04
24,91,2,2022-10-22
1865,98,3,2020-11-18
4179,151,3,2023-01-22
2764,232,1,2020-07-18
3962,151,3,2021-08-23
1882,197,2,2022-08-15
324,121,3,2021-02-03
3076,117,4,2020-04-23
3434,274,2,2020-11-26
3760,257,2,2020-08-02
1747,99,1,2022-04-23
2260,165,2,2020-02-22
1180,162,4,2020-10-19
3975,192,4,2022-01-14
2914,50,1,2018-05-26
757,135,1,2021-11-13
3002,147,2,2019-12-04
2186,115,1,2020-11-24
639,226,3,2020-02-29
786,183,4,2020-08-01
1888,304,4,2022-04-28
4131,198,4,2022-09-02
1846,312,2,2021-07-21
1202,101,3,2018-07-26
465,107,1,2020-11-02
1993,308,2,2018-10-09
680,185,1,2020-12-04
2806,125,2,2020-08-25
2236,65,2,2019-10-09
2084,323,1,2018-09-09
2283,14,3,2019-08-29
2242,308,2,2018-12-03
2461,203,1,2023-01-08
2462,258,4,2022-02-13
37,217,1,2020-05-03
2909,219,3,2018-09-26
2794,28,2,2022-05-16
3446,281,2,2022-07-15
1552,173,2,2020-03-06
3228,210,3,2020-09-19
3970,68,3,2023-05-15
2372,208,2,2020-05-28
2354,195,2,2018-12-04
1690,303,2,2018-10-18
1578,98,3,2022-01-29
1195,270,2,2020-05-14
3959,4,4,2020-12-16
488,286,4,2018-12-18
2106,135,1,2021-10-28
1461,245,3,2020-08-06
3548,218,3,2019-08-14
1619,267,4,2018-06-01
3465,207,1,2020-05-14
1080,99,1,2022-10-14
4170,115,1,2020-12-11
1311,201,2,2020-01-28
3247,171,3,2020-10-28
3652,179,3,2020-01-13
4218,302,2,2020-06-21
4321,122,4,2022-06-11
1554,276,1,2018-11-06
3254,211,3,2022-05-18
1593,162,4,2022-03-10
1162,266,1,2022-05-07
2958,195,2,2019-07-07
769,34,2,2021-05-17
2456,156,2,2022-07-23
700,30,3,2019-08-22
123,234,1,2021-08-27
2300,226,3,2023-03-10
3644,38,4,2021-01-14
849,164,2,2019-09-18
2414,272,2,2020-02-22
2559,264,1,2022-06-10
4062,4,4,2022-07-04
2208,230,3,2020-07-10
2881,183,4,2023-05-03
2703,179,3,2019-08-22
2619,128,3,2021-01-23
3688,179,3,2023-02-18
2886,41,2,2022-08-05
1401,30,3,2022-05-19
3471,84,4,2022-07-29
3864,53,3,2022-04-29
2595,75,4,2019-07-18
2095,268,2,2022-07-27
2645,46,2,2020-08-04
2490,87,2,2022-11-01
187,158,1,2021-07-01
3950,167,4,2020-10-02
3549,302,2,2022-06-21
553,137,2,2019-04-29
4303,299,2,2019-11-02
3758,177,1,2019-12-19
2156,143,1,2022-04-08
2706,190,2,2022-04-06
940,258,4,2020-01-13
3573,121,3,2020-07-01
475,7,3,2020-04-17
1701,131,2,2019-04-24
1926,52,2,2018-09-03
1289,182,2,2020-04-08
811,116,4,2022-09-25
1014,55,4,2019-09-20
3741,200,2,2021-02-16
184,192,4,2018-07-28
1020,238,1,2020-07-04
1037,145,2,2022-07-10
1460,236,1,2022-07-02
4105,20,2,2021-01-06
605,105,1,2023-02-08
3238,149,1,2021-02-13
2248,265,2,2022-04-14
437,71,4,2019-11-12
3820,211,3,2021-02-14
4223,104,2,2020-06-03
2223,106,1,2021-01-21
1717,286,4,2021-01-22
4091,227,4,2021-09-11
2563,253,2,2019-12-17
1196,137,2,2019-03-01
1366,225,1,2019-03-27
3622,318,3,2019-05-08
3852,202,3,2018-11-09
3986,130,4,2020-01-16
1202,60,1,2022-03-24
4249,71,4,2018-09-07
2522,114,4,2020-07-26
2065,107,1,2020-10-09
1656,47,3,2019-03-12
3805,170,4,2018-06-26
2851,12,3,2019-11-11
25,257,2,2022-09-15
3294,15,3,2020-08-21
2368,58,2,2020-01-10
1053,16,1,2020-05-30
1271,55,4,2020-08-10
578,323,1,2020-10-19
675,254,1,2021-07-12
2208,224,3,2018-10-22
4188,92,3,2020-12-08
2748,55,4,2019-11-23
572,303,2,2022-11-05
1053,318,3,2021-09-26
2644,80,1,2019-03-15
1868,137,2,2023-02-01
2181,16,1,2019-09-02
2790,63,1,2023-04-04
3051,303,2,2018-06-01
1901,99,1,2021-04-02
2714,133,2,2020-09-16
3000,248,3,2020-02-14
3262,76,4,2021-09-11
1402,292,4,2020-09-20
3740,153,1,2021-06-07
1816,278,4,2019-10-06
4287,260,4,2019-08-14
1931,53,3,2018-09-10
256,218,3,2018-10-17
2440,47,3,2018-11-01
3263,116,4,2020-03-11
181,65,2,2023-04-04
2350,302,2,2018-09-09
1351,229,2,2019-06-23
1883,62,1,2021-07-17
2141,83,4,2020-05-25
4283,19,4,2020-04-15
4052,207,1,2019-02-03
1722,139,1,2020-05-07
3738,74,2,2021-03-02
3122,249,1,2021-03-11
1589,198,4,2022-04-08
486,47,3,2019-07-04
568,57,4,2019-05-06
667,318,3,2019-12-12
4408,164,2,2022-08-23
2144,289,1,2021-10-09
3707,274,2,2019-08-08
2762,76,4,2020-09-18
4373,145,2,2021-08-30
3981,316,2,2021-04-09
739,241,4,2020-09-15
231,21,3,2022-10-31
2774,197,2,2018-05-30
2593,122,4,2020-03-13
222,73,4,2021-07-25
509,143,1,2022-02-14
104,26,3,2021-08-09
4270,97,4,2020-04-08
1681,70,1,2021-07-17
3278,208,2,2019-10-13
3819,324,2,2022-06-15
1696,269,3,2020-03-11
2071,179,3,2021-09-25
2275,57,4,2019-12-08
4247,90,3,2022-11-29
3473,306,2,2019-02-10
4069,297,3,2019-09-10
3046,149,1,2018-11-01
3835,179,3,2023-03-16
832,233,3,2019-03-19
2083,57,4,2019-06-09
2270,247,4,2020-09-21
1060,65,2,2021-08-11
1308,213,2,2019-04-20
4259,288,3,2023-04-02
2734,39,2,2023-04-17
95,15,3,2022-01-31
2774,158,1,2021-01-27
155,242,2,2021-07-22
4046,291,1,2021-10-31
673,305,2,2021-11-04
2589,287,3,2019-01-16
2590,277,2,2018-11-25
923,305,2,2023-02-15
960,41,2,2019-12-18
8,322,1,2018-05-27
1012,155,4,2019-01-21
3101,58,2,2020-03-11
2000,217,1,2020-02-20
965,25,1,2020-08-10
1287,307,1,2019-11-03
614,16,1,2020-10-03
3502,55,4,2020-02-15
4048,262,2,2022-12-10
2976,240,1,2021-12-30
4337,210,3,2021-04-13
1427,236,1,2019-03-09
1977,108,1,2020-10-11
2637,261,4,2019-05-06
2325,154,2,2020-05-28
1765,84,4,2023-01-20
3741,111,1,2020-07-25
1208,104,2,2023-02-28
2478,226,3,2021-04-15
2529,292,4,2020-11-06
2369,103,2,2019-04-30
2046,144,2,2022-06-12
2933,284,4,2018-08-21
2564,263,3,2023-01-30
2888,49,2,2022-09-03
2982,251,4,2021-10-06
1799,116,4,2019-03-04
711,302,2,2021-07-31
2581,262,2,2019-10-12
992,129,3,2022-04-05
2876,90,3,2019-06-26
3706,206,1,2018-07-18
3184,235,1,2020-06-04
4397,60,1,2021-08-04
3009,251,4,2022-10-25
1820,318,3,2019-08-07
1523,55,4,2022-07-29
2385,234,1,2021-12-31
3198,169,2,2018-08-19
316,237,1,2018-09-19
47,185,1,2019-06-29
2616,281,2,2021-03-02
1034,156,2,2020-01-15
3103,326,1,2021-01-09
2342,260,4,2018-09-13
1996,189,4,2020-09-10
720,177,1,2021-05-09
3923,19,4,2019-01-07
44,67,3,2021-04-23
606,167,4,2019-09-21
2733,246,1,2021-03-29
399,202,3,2022-03-30
1041,8,3,2020-03-26
3771,291,1,2021-10-03
1343,248,3,2020-07-05
1381,103,2,2021-05-05
1802,310,3,2022-01-14
1136,78,1,2022-05-10
1991,226,3,2020-10-14
1689,183,4,2018-12-26
908,21,3,2021-04-13
3056,55,4,2020-06-02
2203,159,1,2022-12-05
2606,249,1,2020-01-22
1220,95,3,2022-12-14
1346,2,2,2018-11-27
4108,297,3,2021-10-10
66,270,2,2018-07-04
4174,251,4,2018-06-01
4380,301,4,2023-02-19
289,188,2,2020-08-24
3292,37,2,2018-10-27
774,248,3,2023-04-04
268,225,1,2020-06-19
4056,253,2,2020-10-19
4098,172,2,2021-11-26
912,14,3,2019-05-04
3312,121,3,2019-09-30
1672,52,2,2019-09-13
4178,323,1,2022-07-03
2385,224,3,2021-05-14
2269,271,1,2018-06-05
3726,120,4,2019-06-18
558,64,1,2018-10-29
4373,260,4,2019-08-06
2627,8,3,2019-12-10
3119,122,4,2019-01-28
1532,318,3,2022-01-18
1044,6,2,2023-03-21
837,156,2,2020-06-07
1020,29,3,2021-06-07
2665,269,3,2020-05-04
2599,73,4,2018-06-23
1240,218,3,2019-12-29
3851,28,2,2021-12-27
2076,29,3,2018-08-07
4254,256,3,2020-11-16
2619,185,1,2022-05-25
2784,76,4,2020-04-22
3848,191,3,2020-03-08
1630,165,2,2019-08-10
173,294,1,2021-05-27
1528,86,1,2022-12-07
2654,220,1,2018-08-31
3201,85,2,2020-08-20
2345,136,2,2022-11-16
1381,53,3,2022-07-04
3939,111,1,2022-09-09
1385,120,4,2021-06-18
3385,113,2,2023-02-03
75,289,1,2021-11-30
4211,113,2,2021-09-05
568,24,4,2022-12-23
2049,64,1,2018-09-29
3700,162,4,2023-02-16
4083,71,4,2020-06-01
1634,95,3,2023-04-16
1691,70,1,2020-11-23
96,175,1,2022-08-14
3515,125,2,2019-08-20
2818,261,4,2022-12-27
811,71,4,2019-12-23
894,202,3,2018-12-10
1265,307,1,2020-02-03
1863,228,1,2020-03-02
142,214,2,2022-04-12
2314,64,1,2020-12-19
2166,32,4,2018-08-26
3319,185,1,2021-08-29
364,110,2,2019-07-04
2273,292,4,2019-07-11
1656,301,4,2021-08-10
4005,259,2,2021-04-19
2492,75,4,2020-09-25
3468,293,1,2022-06-04
673,219,3,2021-07-15
3982,300,1,2021-01-28
3911,132,2,2020-04-10
3993,256,3,2020-11-27
1255,47,3,2022-09-21
1067,68,3,2021-10-18
775,67,3,2020-11-17
850,66,4,2019-07-21
3224,170,4,2019-01-26
1901,269,3,2022-01-03
4333,253,2,2022-10-21
3007,65,2,2020-09-15
103,35,2,2019-10-04
3803,141,1,2020-02-02
855,163,1,2023-01-07
4013,315,2,2021-07-01
3080,245,3,2018-06-20
298,32,4,2020-01-16
3425,83,4,2021-02-19
3084,95,3,2020-05-02
102,267,4,2018-10-06
2872,57,4,2022-03-14
3135,261,4,2022-06-10
1861,202,3,2020-10-19
1847,251,4,2023-01-19
1028,179,3,2023-05-20
2385,3,2,2021-06-08
3765,75,4,2022-01-27
756,48,1,2020-01-27
1136,261,4,2019-11-06
1527,259,2,2020-01-16
3050,222,1,2020-11-26
3086,326,1,2021-06-08
2590,76,4,2020-12-09
3424,313,1,2021-08-11
2257,261,4,2022-11-08
4344,241,4,2021-09-19
2876,318,3,2019-10-16
123,218,3,2023-03-29
513,20,2,2020-12-27
3293,132,2,2018-10-22
1829,96,2,2020-07-26
4185,230,3,2018-07-14
997,311,2,2020-04-22
3301,142,4,2019-09-26
2635,324,2,2022-11-20
1670,29,3,2020-03-02
1912,120,4,2018-08-19
2157,137,2,2018-09-05
1638,184,3,2023-01-04
2617,326,1,2022-04-11
1973,2,2,2020-04-13
2878,256,3,2020-06-17
1063,262,2,2018-12-11
2661,302,2,2019-04-23
1813,81,4,2023-01-17
632,174,3,2019-06-22
2802,40,1,2020-08-02
1640,102,3,2020-11-09
3514,115,1,2019-09-16
424,94,2,2022-05-10
3872,267,4,2021-03-28
639,13,3,2019-10-13
756,294,1,2019-10-13
4427,280,3,2018-07-01
991,144,2,2021-11-18
1764,308,2,2018-10-17
1021,65,2,2019-04-29
2712,47,3,2021-07-12
1591,101,3,2018-09-21
1449,131,2,2022-06-02
3624,247,4,2022-08-13
866,141,1,2018-10-14
812,121,3,2021-07-27
3598,53,3,2020-12-17
2699,147,2,2018-09-26
276,68,3,2022-01-13
2065,31,2,2019-10-04
98,141,1,2019-10-29
3145,272,2,2019-06-04
4394,67,3,2018-09-15
1051,200,2,2021-09-22
1252,136,2,2019-07-16
2296,7,3,2019-04-06
3637,42,4,2020-11-20
3227,231,1,2018-09-23
2519,325,2,2020-01-31
2309,112,1,2021-11-16
98,277,2,2023-03-21
1212,220,1,2018-10-18
3016,68,3,2019-04-11
1094,49,2,2021-12-28
3281,321,1,2018-06-04
1500,103,2,2022-01-17
1684,26,3,2019-04-01
2527,265,2,2020-06-03
2436,211,3,2019-09-10
1205,122,4,2021-12-09
561,63,1,2022-08-03
765,231,1,2020-03-28
2996,320,3,2023-01-04
3134,21,3,2021-01-29
1961,40,1,2019-08-15
1989,148,3,2023-02-06
2119,285,2,2019-12-14
2963,265,2,2020-03-29
413,4,4,2018-12-27
911,114,4,2022-11-17
726,147,2,2018-11-08
2367,189,4,2020-12-12
889,319,4,2021-09-28
1677,138,3,2020-01-18
3834,78,1,2022-06-28
797,243,1,2019-12-17
3919,245,3,2020-08-08
2666,8,3,2019-01-22
731,81,4,2018-06-15
926,71,4,2023-05-12
3641,90,3,2021-04-08
1967,14,3,2022-06-15
1171,61,4,2022-06-08
3831,263,3,2019-10-13
2368,42,4,2022-08-04
3970,72,2,2019-10-16
986,150,1,2023-01-16
1004,31,2,2022-04-15
3259,211,3,2020-09-04
2310,244,1,2021-03-19
188,254,1,2021-09-22
3772,52,2,2023-02-04
905,37,2,2019-06-04
1553,88,3,2023-05-17
4272,284,4,2022-11-18
1721,287,3,2020-05-11
1177,59,1,2018-11-21
3046,258,4,2021-10-13
1556,174,3,2019-09-04
1085,117,4,2021-09-13
1209,175,1,2020-08-13
3155,8,3,2022-01-04
1313,141,1,2021-07-30
2790,286,4,2020-05-17
2079,107,1,2022-04-10
1470,6,2,2022-01-06
2489,97,4,2018-08-20
473,48,1,2018-12-16
3660,32,4,2020-05-16
143,230,3,2019-07-03
2954,109,1,2023-04-28
91,118,4,2018-09-26
4323,38,4,2023-04-07
1246,269,3,2020-07-22
1051,1,1,2023-03-29
259,136,2,2021-05-05
2171,75,4,2020-04-18
2790,112,1,2019-09-13
1272,129,3,2019-07-22
1722,3,2,2019-12-16
1107,167,4,2020-09-29
3551,283,1,2018-09-27
1886,258,4,2018-06-28
2765,226,3,2021-04-30
510,189,4,2022-02-14
3349,29,3,2019-11-23
1296,55,4,2020-01-18
2701,237,1,2019-09-28
2035,135,1,2018-09-08
1116,108,1,2021-08-03
1665,319,4,2019-11-02
1353,46,2,2020-11-08
3789,6,2,2022-06-01
2218,241,4,2021-01-13
4363,66,4,2022-12-07
2252,90,3,2020-04-05
1042,102,3,2020-03-07
3556,210,3,2021-04-28
1573,21,3,2021-01-16
3467,13,3,2018-08-10
3700,66,4,2019-10-28
1047,221,2,2022-07-08
3684,221,2,2018-09-13
2602,313,1,2021-10-13
2645,122,4,2020-07-14
2185,129,3,2020-07-07
415,107,1,2022-09-28
3417,19,4,2019-02-15
741,202,3,2018-06-15
2198,166,1,2023-03-03
3141,278,4,2021-10-25
1444,319,4,2022-06-10
1140,24,4,2021-10-03
919,149,1,2022-02-04
3985,200,2,2022-01-19
230,129,3,2021-06-02
2140,197,2,2019-05-10
4367,8,3,2023-05-11
2414,153,1,2019-03-22
1955,238,1,2022-02-13
3308,248,3,2023-04-23
866,326,1,2019-10-07
115,221,2,2019-01-30
4399,202,3,2018-08-16
3780,248,3,2022-03-30
4052,155,4,2019-04-02
1039,9,2,2021-07-25
995,218,3,2020-09-17
1725,116,4,2019-03-12
1289,106,1,2023-02-01
1439,112,1,2021-10-22
2178,262,2,2018-09-04
921,244,1,2018-07-27
4184,129,3,2020-11-22
245,236,1,2022-09-22
1112,183,4,2019-06-04
1172,198,4,2021-06-21
103,95,3,2023-05-01
1089,321,1,2022-02-10
4060,295,2,2019-08-16
3512,1,1,2021-02-15
144,14,3,2018-12-11
719,214,2,2020-05-10
4261,133,2,2022-11-29
2227,47,3,2019-03-11
79,323,1,2022-05-10
1548,82,1,2022-09-16
3768,189,4,2019-11-03
960,198,4,2018-10-05
1457,247,4,2020-10-28
505,155,4,2022-07-21
1546,274,2,2019-02-21
1760,44,2,2023-04-28
316,73,4,2019-08-25
620,311,2,2019-01-04
4171,243,1,2021-11-29
987,117,4,2022-12-07
3152,129,3,2020-04-18
1343,324,2,2021-05-05
3259,55,4,2020-11-02
3784,162,4,2023-02-16
3576,278,4,2023-04-25
3003,170,4,2022-09-21
1462,126,1,2020-07-27
1717,76,4,2021-05-19
626,140,3,2018-11-10
2551,67,3,2020-07-08
2880,114,4,2020-04-01
2250,252,1,2021-06-18
3576,88,3,2021-09-06
2072,181,1,2020-06-30
1493,211,3,2019-01-13
3966,162,4,2022-12-06
3713,59,1,2022-02-26
3273,121,3,2018-11-10
374,30,3,2020-06-14
1174,230,3,2019-05-18
3945,316,2,2021-07-03
1415,71,4,2018-10-28
2962,30,3,2022-07-23
3562,104,2,2020-11-06
3893,128,3,2022-10-22
3094,96,2,2022-04-23
1317,251,4,2018-11-29
6,11,2,2018-12-09
3581,74,2,2021-01-16
1962,68,3,2021-04-14
4003,65,2,2020-11-14
3069,179,3,2020-04-11
942,3,2,2018-10-26
1737,166,1,2019-02-18
3030,318,3,2020-06-09
342,12,3,2019-11-12
3977,295,2,2021-03-01
876,107,1,2023-04-08
3963,250,2,2023-03-02
3004,252,1,2023-03-26
1897,66,4,2023-04-02
2660,259,2,2021-10-09
1206,252,1,2022-10-19
3831,67,3,2021-03-24
888,253,2,2019-09-24
117,14,3,2022-07-22
587,191,3,2019-02-22
992,140,3,2023-02-09
1384,55,4,2018-10-11
4070,45,1,2021-10-24
1369,139,1,2020-07-18
1512,318,3,2018-06-06
3511,7,3,2018-09-02
4146,190,2,2018-08-06
10,23,3,2021-11-23
64,123,1,2018-12-27
1063,204,2,2022-06-02
3543,55,4,2019-03-02
2564,14,3,2022-07-25
733,120,4,2019-01-27
4348,150,1,2019-01-03
2400,319,4,2021-04-08
1068,73,4,2023-03-25
140,42,4,2021-07-17
4202,315,2,2018-10-01
859,298,2,2021-12-20
426,121,3,2020-08-28
2371,115,1,2023-05-15
2008,84,4,2019-05-19
656,214,2,2022-10-15
1696,42,4,2022-01-30
4260,301,4,2020-01-11
1390,280,3,2020-09-14
3105,3,2,2023-03-20
3992,308,2,2023-04-23
2850,213,2,2019-01-24
629,17,1,2020-10-04
2550,232,1,2019-06-10
3138,88,3,2021-05-09
2231,266,1,2020-03-09
1787,60,1,2021-04-17
1526,171,3,2023-05-20
1643,267,4,2023-05-18
2225,178,1,2022-11-24
2170,277,2,2021-09-18
1812,83,4,2018-09-15
832,54,1,2018-11-23
1853,30,3,2021-12-18
3777,7,3,2018-11-27
3318,272,2,2018-07-23
2226,32,4,2020-04-10
2388,277,2,2022-07-04
3257,158,1,2018-06-25
3784,69,2,2021-05-10
2286,160,1,2019-02-20
674,215,4,2022-12-10
1546,70,1,2020-07-28
1662,250,2,2019-10-02
3292,21,3,2019-02-06
3772,299,2,2018-08-23
2238,312,2,2022-03-16
4012,24,4,2020-08-09
3177,200,2,2019-01-10
43,227,4,2020-05-14
4400,14,3,2021-11-28
597,21,3,2019-07-06
3848,65,2,2023-05-15
2756,132,2,2022-12-12
1161,2,2,2021-02-04
3938,136,2,2022-07-11
1728,147,2,2019-12-13
3359,64,1,2018-08-29
2689,302,2,2018-07-27
2918,87,2,2019-03-10
3007,233,3,2021-06-05
785,214,2,2023-05-21
4083,215,4,2023-01-05
2865,71,4,2020-02-10
3795,219,3,2021-12-20
4060,67,3,2019-02-10
1958,150,1,2020-10-23
1777,318,3,2019-04-01
1582,278,4,2020-05-28
1343,97,4,2022-04-23
3796,156,2,2019-01-16
2482,73,4,2021-05-30
2344,186,4,2019-01-06
512,270,2,2022-12-06
2144,2,2,2022-01-30
1764,240,1,2021-01-31
1363,107,1,2022-05-25
822,288,3,2022-05-20
3929,65,2,2018-11-07
3743,122,4,2020-12-19
699,185,1,2022-10-24
373,247,4,2019-11-11
3099,144,2,2021-03-06
3853,311,2,2020-05-29
2840,148,3,2021-03-13
2325,225,1,2019-08-20
2815,64,1,2018-06-02
1990,239,1,2022-04-28
4362,245,3,2022-06-19
632,233,3,2022-04-06
2776,38,4,2020-06-30
2880,49,2,2021-08-01
2706,54,1,2019-05-26
3472,184,3,2019-05-19
4361,155,4,2019-08-22
1724,47,3,2021-12-18
534,90,3,2022-06-18
2067,79,4,2020-07-07
2052,187,2,2020-05-24
1152,7,3,2019-06-03
2612,311,2,2019-10-10
2092,200,2,2019-03-07
2300,93,2,2021-03-31
1804,162,4,2023-05-18
1984,208,2,2022-09-03
3372,61,4,2022-10-29
1259,276,1,2018-06-26
3081,113,2,2019-02-04
1550,280,3,2019-04-22
2947,287,3,2020-12-31
2927,283,1,2019-02-06
97,130,4,2021-11-22
4052,58,2,2023-03-25
2812,172,2,2020-04-19
2022,285,2,2019-10-07
556,73,4,2021-11-17
1126,210,3,2022-06-13
1687,15,3,2021-04-07
169,33,2,2019-01-18
856,35,2,2022-01-31
1880,55,4,2019-09-06
2042,257,2,2020-02-20
3489,116,4,2020-08-15
1905,172,2,2020-03-24
3965,74,2,2019-12-28
514,9,2,2018-11-09
1120,147,2,2021-09-20
2331,278,4,2018-10-25
934,223,2,2020-10-23
882,321,1,2021-02-02
2971,137,2,2021-01-25
1646,202,3,2020-01-13
2897,117,4,2021-11-30
1672,45,1,2021-10-29
4410,281,2,2022-08-09
1701,275,4,2023-03-12
1548,251,4,2019-09-24
2890,213,2,2020-03-20
2442,171,3,2018-12-22
2197,229,2,2020-04-24
2804,262,2,2022-10-25
418,263,3,2021-01-20
3146,61,4,2018-12-24
2143,53,3,2019-01-02
179,38,4,2020-09-28
101,295,2,2019-03-29
4097,217,1,2022-11-17
1499,59,1,2019-01-19
2702,76,4,2022-07-11
1577,324,2,2020-08-21
4260,87,2,2021-03-02
819,239,1,2019-05-26
1485,325,2,2020-04-21
693,319,4,2021-12-06
2963,17,1,2018-12-03
2256,126,1,2020-09-26
2070,105,1,2021-04-08
1168,97,4,2018-10-06
2538,242,2,2020-07-06
420,319,4,2019-02-11
980,63,1,2019-05-10
913,207,1,2022-01-27
3999,122,4,2019-07-03
1045,230,3,2021-10-13
3097,183,4,2022-06-12
1203,194,1,2020-06-22
581,203,1,2020-12-27
281,9,2,2021-09-30
4095,267,4,2021-02-03
4007,127,2,2019-11-01
1571,259,2,2022-03-23
623,40,1,2021-10-24
1642,43,1,2021-06-27
3286,311,2,2020-02-24
3735,92,3,2018-08-19
3628,92,3,2022-08-23
3258,239,1,2022-11-16
2267,209,1,2021-08-12
2437,9,2,2021-08-01
292,271,1,2023-05-09
800,153,1,2020-05-10
3840,79,4,2022-10-02
2838,301,4,2020-06-04
1616,171,3,2020-08-07
678,105,1,2022-12-04
1908,107,1,2018-10-26
1236,261,4,2021-03-05
926,61,4,2021-08-04
2608,34,2,2021-02-09
3488,102,3,2020-02-05
3908,179,3,2022-04-08
1243,26,3,2021-08-02
956,23,3,2018-11-26
3907,322,1,2020-05-16
3146,301,4,2019-01-05
687,75,4,2019-04-03
2083,261,4,2019-08-31
2447,217,1,2021-02-13
3599,318,3,2020-02-27
1275,128,3,2020-10-15
612,42,4,2021-01-23
1060,263,3,2019-03-29
4390,8,3,2018-08-01
3754,284,4,2018-09-05
3844,307,1,2019-01-24
1677,214,2,2018-07-06
2784,18,4,2022-12-28
1416,92,3,2018-09-24
2572,245,3,2019-02-12
656,213,2,2022-04-09
697,84,4,2019-02-26
138,293,1,2018-10-10
329,13,3,2023-04-08
960,192,4,2021-01-28
210,263,3,2023-02-25
2739,198,4,2020-05-15
2402,157,1,2021-01-23
3855,77,1,2022-05-26
2753,199,1,2020-03-24
927,13,3,2022-07-29
3007,303,2,2021-07-04
1540,14,3,2020-04-12
3394,187,2,2021-04-28
2888,21,3,2020-08-28
373,98,3,2021-01-12
3833,83,4,2022-01-05
144,76,4,2019-12-01
1803,268,2,2021-01-29
4387,172,2,2021-05-30
2416,176,1,2019-05-11
2384,171,3,2020-08-03
1036,177,1,2022-08-29
1462,184,3,2021-11-22
1436,102,3,2020-11-21
1198,174,3,2023-01-04
2974,13,3,2022-07-23
2340,320,3,2021-06-02
2332,296,4,2020-12-23
4110,259,2,2018-11-30
940,222,1,2023-04-08
3193,109,1,2019-07-02
1239,177,1,2021-05-17
306,32,4,2019-12-25
2349,182,2,2020-07-31
1296,163,1,2022-08-07
1273,280,3,2019-08-26
3818,224,3,2022-08-12
1502,52,2,2019-05-02
2879,192,4,2018-11-23
455,38,4,2023-03-12
63,110,2,2020-09-30
1173,119,3,2023-04-01
644,36,1,2020-03-29
2032,59,1,2020-04-19
4089,92,3,2022-04-03
2167,125,2,2022-10-29
1616,143,1,2023-01-13
3226,224,3,2021-12-06
4419,269,3,2019-02-14
1434,196,3,2020-11-02
645,182,2,2021-08-19
2479,267,4,2021-10-30
2140,323,1,2020-04-06
3610,172,2,2022-12-22
1553,310,3,2020-06-25
919,199,1,2022-08-24
1475,264,1,2023-03-20
2477,122,4,2022-06-23
3122,227,4,2022-09-10
3101,276,1,2022-04-11
198,151,3,2021-06-24
3663,286,4,2020-06-06
4056,125,2,2022-02-19
1846,91,2,2018-09-07
241,204,2,2019-08-02
379,217,1,2020-12-20
2621,106,1,2021-07-14
1193,306,2,2022-01-15
2971,119,3,2023-04-26
1221,171,3,2019-01-26
188,117,4,2023-03-04
361,5,1,2018-09-20
1588,190,2,2022-08-15
664,63,1,2022-09-04
66,227,4,2018-08-19
2116,14,3,2019-03-08
4422,179,3,2018-07-03
340,265,2,2018-08-29
2082,248,3,2022-04-25
1658,102,3,2019-05-16
3007,16,1,2019-08-23
3478,242,2,2020-11-21
3200,246,1,2023-01-28
4121,185,1,2019-09-02
2632,176,1,2019-02-11
1820,55,4,2018-08-15
560,91,2,2023-02-18
1523,284,4,2023-04-09
3746,318,3,2018-09-20
887,90,3,2020-12-26
208,7,3,2019-03-19
3787,215,4,2023-01-03
2537,143,1,2022-03-03
2882,114,4,2018-12-31
3472,32,4,2022-05-08
1884,30,3,2020-12-23
911,296,4,2021-06-18
2022,287,3,2020-03-08
3679,27,1,2019-11-28
236,5,1,2019-07-16
906,19,4,2019-07-20
780,214,2,2019-12-15
694,258,4,2022-02-23
3874,178,1,2021-10-10
2565,213,2,2022-08-18
2021,189,4,2019-02-16
4306,220,1,2022-11-09
1397,192,4,2020-02-29
161,315,2,2020-09-29
3609,95,3,2022-07-05
2093,119,3,2020-04-28
2140,215,4,2023-01-19
266,177,1,2021-10-18
3694,165,2,2023-04-19
2354,226,3,2020-03-07
4419,84,4,2019-08-15
1251,101,3,2020-02-09
4318,18,4,2022-06-23
590,298,2,2022-03-31
1958,223,2,2022-12-03
2930,241,4,2022-03-20
2958,191,3,2021-10-07
366,165,2,2018-11-17
465,320,3,2019-01-25
938,138,3,2020-03-09
836,211,3,2022-11-27
398,230,3,2022-11-04
2403,273,1,2023-04-11
3241,179,3,2020-07-23
43,15,3,2021-04-09
2598,103,2,2022-03-17
1276,315,2,2018-12-30
2683,210,3,2020-06-01
2332,272,2,2018-08-26
3348,56,2,2022-02-24
4016,263,3,2019-08-21
1086,175,1,2019-11-16
2758,74,2,2021-05-19
3258,9,2,2019-02-23
2588,100,1,2023-05-12
4338,309,1,2023-02-20
4375,132,2,2022-05-07
2552,15,3,2018-12-06
3466,128,3,2019-09-30
4038,118,4,2022-06-17
3429,256,3,2020-05-26
3631,324,2,2018-10-09
771,15,3,2021-02-04
1073,223,2,2019-06-23
3001,298,2,2020-01-09
2867,112,1,2019-06-19
1641,21,3,2019-01-20
1206,95,3,2022-06-19
52,195,2,2019-09-12
1773,313,1,2021-08-27
2790,226,3,2022-08-23
154,226,3,2020-12-14
2468,105,1,2021-05-04
105,256,3,2019-06-12
3792,71,4,2018-11-11
770,73,4,2020-04-04
4164,181,1,2022-02-08
932,296,4,2020-02-24
578,113,2,2022-11-30
2603,224,3,2019-11-14
2876,244,1,2020-11-27
420,278,4,2019-05-02
3041,300,1,2020-07-31
329,120,4,2023-04-23
2404,53,3,2021-11-02
1140,192,4,2022-02-03
1511,127,2,2019-12-14
750,232,1,2019-02-23
3563,93,2,2022-08-02
902,132,2,2019-08-13
3361,134,3,2022-08-07
1874,167,4,2019-04-01
1790,312,2,2019-07-11
2386,273,1,2018-10-09
2627,182,2,2022-11-07
2217,19,4,2020-08-20
2718,3,2,2020-06-29
1653,319,4,2019-10-08
1732,116,4,2020-12-23
1620,167,4,2020-09-18
1730,69,2,2019-10-15
2529,248,3,2021-03-12
4005,123,1,2022-07-13
3015,33,2,2019-03-31
881,183,4,2022-07-14
571,95,3,2023-02-18
2560,213,2,2018-10-25
3741,168,2,2021-11-16
4049,282,1,2022-05-25
2876,8,3,2019-08-09
1146,37,2,2018-09-07
2623,132,2,2019-02-19
2364,247,4,2022-10-21
4190,294,1,2020-11-03
1397,134,3,2022-09-04
2858,82,1,2018-08-27
1503,11,2,2020-07-14
2825,53,3,2019-09-19
2162,171,3,2022-09-20
3712,179,3,2021-07-16
3328,195,2,2020-01-31
964,91,2,2022-10-23
54,197,2,2019-06-06
3361,185,1,2019-09-18
3292,280,3,2021-02-16
2540,2,2,2021-01-17
151,75,4,2022-01-24
1156,226,3,2018-11-23
322,191,3,2019-12-20
3118,324,2,2022-08-30
3362,220,1,2021-10-25
177,203,1,2019-05-17
4202,35,2,2019-03-22
2419,150,1,2023-04-18
2720,167,4,2020-06-27
2644,302,2,2022-04-29
1257,130,4,2019-06-25
2422,7,3,2022-02-18
230,201,2,2020-04-06
1026,152,1,2023-02-04
1767,63,1,2020-05-18
2866,138,3,2022-08-29
4132,139,1,2021-09-03
2352,163,1,2023-02-04
3037,251,4,2019-09-30
1754,184,3,2023-05-02
3843,272,2,2018-07-27
1244,276,1,2021-03-08
1344,58,2,2018-11-17
432,126,1,2020-12-22
783,232,1,2022-12-09
4383,318,3,2021-03-13
1234,276,1,2020-07-05
3317,54,1,2022-08-15
4117,94,2,2019-07-05
2880,216,1,2020-08-12
2486,236,1,2020-11-09
3928,58,2,2022-04-22
3915,211,3,2020-12-28
1228,45,1,2021-07-04
1763,92,3,2018-05-28
3826,33,2,2019-02-25
3329,60,1,2019-02-15
3302,153,1,2021-04-02
1541,66,4,2019-11-27
2134,241,4,2019-08-19
152,235,1,2023-04-22
2001,139,1,2019-05-22
1828,171,3,2020-05-06
4042,265,2,2019-01-31
2339,318,3,2022-05-02
2772,145,2,2018-06-15
2621,261,4,2019-03-11
2883,288,3,2019-01-06
2090,195,2,2022-10-20
4401,263,3,2020-11-02
1050,289,1,2021-06-19
2345,32,4,2022-07-21
3408,137,2,2020-05-10
3798,225,1,2018-10-24
2177,303,2,2019-02-15
1738,4,4,2019-05-13
2302,43,1,2019-03-13
159,67,3,2022-02-26
1310,215,4,2021-01-21
1518,266,1,2019-11-27
2282,11,2,2021-09-02
1277,277,2,2022-08-19
3787,120,4,2023-05-21
418,4,4,2020-01-16
3092,89,2,2021-04-02
1139,223,2,2023-05-15
2761,232,1,2018-09-15
3837,9,2,2020-04-03
122,246,1,2023-03-20
7,28,2,2020-07-06
2686,69,2,2021-01-19
1184,258,4,2022-07-03
3122,129,3,2022-08-03
2618,206,1,2019-10-19
2112,96,2,2019-05-24
243,263,3,2020-10-07
4158,151,3,2022-10-31
4359,256,3,2021-09-21
136,259,2,2022-06-01
1887,227,4,2019-04-21
763,211,3,2021-12-06
830,109,1,2020-06-20
3163,10,1,2022-02-17
4131,267,4,2020-10-14
3033,214,2,2018-10-22
1462,248,3,2019-01-19
2549,223,2,2022-10-01
3179,138,3,2022-06-13
2356,229,2,2018-06-07
1685,61,4,2021-12-18
2268,279,1,2021-12-01
2655,247,4,2019-03-20
349,148,3,2021-12-12
1670,62,1,2018-09-20
754,94,2,2020-11-13
255,217,1,2020-08-27
1392,145,2,2022-02-03
4290,210,3,2020-04-26
3647,116,4,2023-01-29
3597,45,1,2023-02-28
1034,80,1,2021-05-03
3335,177,1,2018-08-13
206,138,3,2018-11-17
2481,16,1,2022-05-25
3313,44,2,2022-04-09
2964,32,4,2023-04-06
3457,95,3,2021-03-31
3154,269,3,2023-05-12
555,150,1,2019-06-15
4251,68,3,2020-06-25
2544,107,1,2022-07-03
3561,219,3,2023-04-01
629,173,2,2019-06-28
869,287,3,2019-08-07
1475,179,3,2022-08-16
645,55,4,2020-06-27
3816,72,2,2021-03-05
3667,173,2,2022-12-02
725,47,3,2020-06-05
4254,319,4,2022-11-22
3858,325,2,2020-06-18
601,20,2,2018-08-24
4296,257,2,2022-07-03
3227,188,2,2020-12-30
4389,310,3,2020-06-14
4324,240,1,2019-11-19
40,211,3,2023-02-14
710,252,1,2018-11-22
4170,278,4,2020-08-09
232,14,3,2022-02-11
198,213,2,2020-04-24
3294,214,2,2020-06-05
2876,315,2,2018-12-24
3395,202,3,2022-06-06
126,149,1,2022-09-22
3870,240,1,2022-09-28
242,131,2,2018-06-04
2815,213,2,2019-11-12
2925,47,3,2021-07-05
1445,151,3,2022-05-09
3375,192,4,2019-10-05
670,132,2,2022-06-11
2747,168,2,2021-02-13
1998,171,3,2020-11-15
548,256,3,2020-04-02
439,237,1,2021-12-21
2130,147,2,2023-03-31
12,122,4,2019-11-10
1917,250,2,2020-06-25
3684,75,4,2018-07-16
3942,300,1,2023-04-30
4124,123,1,2018-12-16
2500,102,3,2021-08-17
3791,5,1,2023-01-30
3810,22,1,2019-01-12
475,305,2,2019-07-31
3785,144,2,2022-02-07
3492,121,3,2020-11-07
2978,159,1,2019-11-30
3562,154,2,2018-11-02
4414,69,2,2021-11-26
4216,321,1,2020-09-18
1441,123,1,2019-07-01
3747,316,2,2018-11-18
639,102,3,2023-03-30
2650,7,3,2020-04-24
4232,79,4,2023-02-09
3041,306,2,2019-06-13
3351,255,1,2021-03-16
2137,164,2,2019-09-11
3830,316,2,2020-10-08
2803,193,2,2018-11-18
2602,241,4,2019-12-28
4024,22,1,2019-03-26
759,88,3,2021-10-16
2897,7,3,2022-12-14
3743,136,2,2018-06-14
2363,39,2,2022-12-05
3461,2,2,2023-04-24
942,245,3,2021-02-23
3615,318,3,2022-04-25
3814,255,1,2021-02-05
1020,26,3,2022-04-02
2499,151,3,2020-10-09
1238,3,2,2020-04-24
2162,24,4,2020-06-03
3626,42,4,2022-10-21
2835,101,3,2023-03-12
1502,209,1,2020-05-13
2824,106,1,2020-03-01
981,189,4,2020-08-06
1375,318,3,2019-03-15
804,304,4,2018-08-27
478,208,2,2021-10-12
4197,114,4,2022-07-03
4128,292,4,2021-06-26
3811,6,2,2019-11-21
3810,91,2,2022-01-12
4075,65,2,2021-12-08
2879,265,2,2022-10-01
3271,149,1,2023-02-15
2289,36,1,2023-04-07
738,293,1,2023-05-08
3900,103,2,2020-11-21
3515,55,4,2023-04-27
1843,287,3,2022-06-11
3004,74,2,2023-02-11
3966,149,1,2019-11-28
4392,132,2,2021-03-29
548,8,3,2018-05-25
3097,248,3,2018-05-30
3413,126,1,2020-03-15
416,212,1,2023-03-27
3171,85,2,2019-09-08
3012,228,1,2019-02-13
3403,167,4,2020-04-26
2043,284,4,2021-12-03
3724,178,1,2019-03-26
3049,15,3,2020-11-18
3315,267,4,2020-10-14
4154,132,2,2018-10-28
2058,131,2,2020-10-04
3242,185,1,2018-11-27
3196,210,3,2020-01-25
3196,52,2,2020-08-08
4119,9,2,2021-10-02
2765,200,2,2022-10-29
3884,167,4,2021-09-26
2850,248,3,2021-01-31
973,294,1,2022-04-13
3719,49,2,2018-12-06
172,285,2,2020-02-26
1434,282,1,2020-11-12
3305,73,4,2020-11-22
1914,58,2,2021-02-15
815,304,4,2018-08-13
2321,83,4,2018-09-09
3751,112,1,2020-11-01
210,304,4,2020-05-31
1181,32,4,2021-06-02
1095,290,1,2021-03-10
2910,53,3,2020-09-09
1752,119,3,2023-02-15
2417,196,3,2020-04-25
4014,129,3,2020-09-19
3815,213,2,2019-07-30
496,107,1,2021-11-07
3289,208,2,2018-10-09
4321,268,2,2022-10-30
48,119,3,2019-08-27
316,80,1,2019-05-12
962,157,1,2023-03-01
41,173,2,2020-08-04
1406,12,3,2019-08-01
1695,151,3,2019-01-24
4016,65,2,2021-08-01
3241,100,1,2021-02-24
790,204,2,2020-12-12
3284,195,2,2021-03-21
4425,138,3,2020-02-27
3356,230,3,2019-01-30
3753,194,1,2020-07-25
559,281,2,2021-09-11
575,221,2,2019-01-28
1619,230,3,2019-01-03
1967,280,3,2019-08-22
3908,38,4,2021-12-28
2752,7,3,2020-10-26
2102,122,4,2020-12-17
3296,89,2,2020-08-06
3685,63,1,2023-05-12
4286,324,2,2021-05-02
1585,215,4,2020-06-15
2944,14,3,2022-04-11
3874,62,1,2020-12-03
3303,75,4,2022-10-13
876,189,4,2022-04-05
3498,81,4,2021-09-24
4312,9,2,2020-08-23
3340,139,1,2018-12-13
3924,120,4,2020-08-23
1162,164,2,2022-06-11
1527,312,2,2019-01-18
3016,111,1,2018-05-23
4363,200,2,2020-08-10
4007,24,4,2020-10-15
3084,81,4,2023-02-13
1352,318,3,2022-05-02
2380,235,1,2018-06-29
3477,32,4,2019-04-16
1629,131,2,2020-10-21
1412,174,3,2022-02-04
1719,191,3,2023-04-14
2094,148,3,2018-08-22
3100,54,1,2020-07-07
3993,288,3,2020-05-08
1255,274,2,2018-06-15
1333,38,4,2022-07-03
2257,14,3,2022-10-19
2777,97,4,2023-02-18
2018,53,3,2023-03-04
2540,239,1,2021-10-10
3677,271,1,2018-11-27
2817,255,1,2020-03-14
960,174,3,2022-12-25
1391,46,2,2023-01-07
1040,255,1,2020-12-25
147,219,3,2021-08-13
643,241,4,2022-05-08
2911,321,1,2021-07-13
4136,61,4,2022-06-08
3884,134,3,2019-07-14
2398,81,4,2022-10-13
3524,7,3,2019-11-22
1092,173,2,2018-11-12
656,122,4,2022-04-02
3956,264,1,2019-04-15
2070,146,2,2021-12-22
649,244,1,2022-02-28
539,249,1,2018-09-28
3249,35,2,2021-02-13
3719,270,2,2021-10-02
2867,98,3,2019-08-22
25,227,4,2019-05-26
2119,145,2,2019-12-08
1656,312,2,2018-11-20
144,111,1,2020-03-30
2320,210,3,2019-06-13
3455,238,1,2022-09-20
130,17,1,2019-06-17
2421,67,3,2018-05-25
3886,241,4,2019-10-05
4053,208,2,2020-06-13
418,286,4,2019-08-18
1998,32,4,2023-04-24
1726,107,1,2019-03-12
3319,252,1,2019-08-17
1855,209,1,2021-08-10
2277,258,4,2023-02-09
4029,206,1,2020-03-06
2936,61,4,2019-06-08
1704,241,4,2023-01-01
552,316,2,2021-10-31
3215,304,4,2022-02-28
1627,204,2,2020-10-29
4242,148,3,2020-08-30
2930,179,3,2020-05-01
696,286,4,2021-05-15
2458,121,3,2023-04-01
1475,307,1,2021-11-09
1613,236,1,2022-05-29
490,162,4,2020-08-26
532,6,2,2018-11-14
3352,147,2,2019-05-23
1453,96,2,2018-12-15
3978,130,4,2018-11-05
2452,21,3,2020-12-02
1742,113,2,2021-04-24
3160,263,3,2019-04-12
3346,289,1,2018-08-20
2658,325,2,2020-11-04
3597,113,2,2023-04-10
1847,292,4,2021-08-14
840,241,4,2020-09-06
4125,132,2,2022-05-30
2555,233,3,2019-03-14
522,294,1,2022-09-04
498,138,3,2021-10-14
2095,297,3,2019-05-17
2733,89,2,2021-07-08
4338,83,4,2022-08-18
3750,316,2,2021-02-10
3291,80,1,2020-05-18
1409,233,3,2019-10-02
2844,184,3,2019-05-06
476,319,4,2022-10-11
646,62,1,2018-12-13
326,119,3,2020-03-29
4379,126,1,2021-08-16
949,81,4,2020-02-16
26,57,4,2018-05-31
2375,179,3,2023-04-18
457,89,2,2019-12-31
3620,42,4,2023-03-08
3736,50,1,2021-02-15
1526,92,3,2019-06-30
1248,323,1,2020-08-06
561,251,4,2019-06-20
26,214,2,2020-12-16
4316,28,2,2022-06-30
2970,267,4,2019-04-20
3400,159,1,2021-09-05
656,105,1,2021-02-22
3372,126,1,2022-07-19
3112,184,3,2019-01-23
3333,84,4,2022-06-16
1431,166,1,2020-08-18
1688,319,4,2021-06-17
2107,146,2,2018-09-27
2814,30,3,2022-11-28
3644,138,3,2021-10-05
2760,220,1,2020-05-01
3353,227,4,2020-09-04
3428,227,4,2023-02-25
1222,75,4,2020-07-01
2286,280,3,2019-03-18
15,215,4,2021-09-09
3425,275,4,2022-12-06
3633,106,1,2020-01-05
3975,151,3,2019-08-20
915,292,4,2020-04-08
3082,68,3,2019-09-28
303,170,4,2018-07-25
1305,140,3,2019-05-18
3787,282,1,2020-09-04
4405,219,3,2019-07-01
3349,134,3,2021-08-28
1616,325,2,2019-10-25
1242,304,4,2020-07-10
990,103,2,2020-06-14
880,92,3,2021-05-02
49,200,2,2022-08-09
21,53,3,2021-10-08
4167,238,1,2021-11-09
3223,82,1,2020-02-07
1681,105,1,2019-04-11
1915,313,1,2019-07-26
2913,205,2,2020-08-31
2736,79,4,2020-11-18
656,315,2,2023-04-08
3922,75,4,2021-12-20
286,215,4,2018-08-05
1703,34,2,2020-03-09
3058,312,2,2021-02-14
4327,100,1,2021-10-16
1247,59,1,2018-09-02
2919,299,2,2022-12-12
1237,211,3,2021-08-27
772,204,2,2021-05-05
4206,159,1,2018-12-13
2324,189,4,2018-08-20
2471,275,4,2021-02-06
2909,151,3,2021-04-08
3438,241,4,2020-02-23
4042,302,2,2021-05-03
1335,114,4,2020-12-21
3519,224,3,2022-08-15
2005,298,2,2019-12-13
2271,187,2,2021-06-23
1706,255,1,2020-05-25
3762,288,3,2021-03-01
3688,67,3,2018-11-20
2775,251,4,2021-05-28
4111,312,2,2020-08-13
958,163,1,2018-12-21
2025,101,3,2023-04-01
4111,277,2,2019-07-22
254,188,2,2019-10-21
3990,8,3,2022-03-06
1102,59,1,2019-02-10
715,221,2,2022-08-22
2031,252,1,2018-08-02
1525,44,2,2019-12-04
463,84,4,2021-02-03
976,23,3,2019-09-21
2949,164,2,2018-08-07
3487,267,4,2019-10-20
2418,236,1,2022-01-20
3052,24,4,2020-09-11
1557,116,4,2020-08-24
1606,239,1,2023-03-23
2557,321,1,2021-02-11
822,9,2,2021-08-10
284,212,1,2021-01-02
2674,147,2,2018-07-25
4235,172,2,2020-01-05
4151,66,4,2018-09-26
729,180,1,2021-11-18
2712,18,4,2022-07-23
2474,325,2,2023-05-10
2495,133,2,2021-05-13
4219,111,1,2019-08-01
3016,303,2,2022-01-13
1336,99,1,2018-08-24
1492,137,2,2020-05-01
7,75,4,2018-09-03
1287,276,1,2021-02-20
2103,183,4,2022-03-15
848,84,4,2019-02-28
3398,19,4,2022-10-30
4330,255,1,2020-01-29
4121,86,1,2019-08-09
1503,46,2,2020-06-28
4238,14,3,2019-05-15
2395,49,2,2018-07-26
3668,112,1,2022-01-10
413,304,4,2022-11-29
570,296,4,2019-03-23
832,178,1,2019-11-07
1086,22,1,2021-07-18
3633,171,3,2023-02-28
2617,193,2,2021-02-25
2044,270,2,2019-07-07
2147,83,4,2019-05-20
2108,297,3,2023-05-09
310,171,3,2021-05-15
3131,11,2,2019-12-06
206,321,1,2018-09-26
651,82,1,2022-05-01
3952,227,4,2018-07-08
4223,300,1,2019-11-16
2856,122,4,2019-05-30
3409,124,1,2019-03-02
3087,72,2,2023-04-11
2073,48,1,2018-09-16
2732,318,3,2021-09-07
3240,7,3,2021-03-11
2496,113,2,2022-07-20
4421,139,1,2021-10-09
3005,13,3,2021-05-04
514,303,2,2020-09-16
4367,292,4,2023-05-09
2039,24,4,2019-03-14
2238,288,3,2021-08-12
1394,68,3,2021-07-19
3508,38,4,2023-04-23
692,266,1,2018-11-30
366,193,2,2019-04-07
2099,260,4,2022-10-11
339,8,3,2022-07-03
1305,165,2,2023-01-16
1478,149,1,2020-02-12
3383,264,1,2022-02-18
4182,190,2,2023-03-17
2186,176,1,2019-04-07
4068,213,2,2022-06-28
2300,245,3,2020-11-03
1303,10,1,2019-11-30
1326,137,2,2019-12-30
4219,28,2,2019-09-30
3056,33,2,2019-10-21
3364,76,4,2022-04-29
265,142,4,2019-07-16
4223,57,4,2021-04-08
1022,229,2,2020-06-12
3341,234,1,2022-02-01
2202,19,4,2018-10-18
1905,51,1,2021-07-24
3708,62,1,2022-05-29
2910,97,4,2022-11-24
2578,58,2,2019-05-24
986,280,3,2022-03-10
2021,282,1,2019-03-07
3209,66,4,2021-04-10
1963,219,3,2021-12-05
3472,1,1,2020-04-18
3052,270,2,2021-11-30
3024,278,4,2022-06-11
481,278,4,2022-08-19
4235,189,4,2022-05-17
37,257,2,2022-10-03
1167,278,4,2018-08-03
379,306,2,2022-08-06
3198,104,2,2022-08-10
3449,66,4,2022-07-17
4014,21,3,2019-10-05
3486,143,1,2020-02-16
605,129,3,2021-09-27
2716,26,3,2022-09-19
1757,252,1,2022-01-10
3472,76,4,2020-07-28
3014,216,1,2020-05-26
2620,41,2,2019-09-01
1383,14,3,2019-08-07
3906,192,4,2023-02-04
2402,65,2,2018-07-16
4336,260,4,2020-05-24
415,231,1,2019-01-05
2582,230,3,2021-11-15
2938,286,4,2022-10-21
4406,57,4,2020-01-20
2158,38,4,2022-09-16
2312,173,2,2023-05-18
3402,249,1,2018-07-28
1530,320,3,2020-05-11
783,184,3,2021-04-18
2309,243,1,2021-05-10
3606,210,3,2021-08-11
4045,75,4,2022-03-11
2666,60,1,2022-06-08
3449,83,4,2019-04-27
3774,23,3,2021-01-09
1777,75,4,2019-03-25
3974,142,4,2020-05-17
4322,316,2,2020-08-24
2425,45,1,2018-08-19
2429,201,2,2022-05-25
4119,186,4,2020-06-23
4427,279,1,2021-08-31
1742,130,4,2018-08-29
861,121,3,2018-09-18
1331,206,1,2020-06-15
3556,267,4,2020-07-19
4040,23,3,2021-04-13
4420,80,1,2021-08-15
3314,131,2,2019-12-24
1885,16,1,2022-12-15
737,294,1,2023-02-04
3156,114,4,2018-07-24
2589,189,4,2019-01-04
3986,139,1,2019-07-21
3847,202,3,2020-02-18
3484,221,2,2021-11-01
3749,29,3,2022-10-29
1784,268,2,2021-04-15
2581,113,2,2020-02-03
1307,96,2,2019-04-11
3226,296,4,2019-08-05
1471,167,4,2023-03-08
2183,305,2,2022-10-08
1503,90,3,2023-03-28
4282,191,3,2019-02-28
3517,231,1,2019-02-20
548,212,1,2020-04-14
2696,239,1,2018-09-19
2270,97,4,2019-10-28
242,324,2,2018-09-09
2988,5,1,2019-09-13
2974,274,2,2020-10-12
2754,189,4,2020-05-22
2241,229,2,2020-07-24
1505,308,2,2018-06-17
812,292,4,2019-02-21
4403,168,2,2019-07-31
3107,181,1,2019-05-26
3039,113,2,2023-02-21
2527,238,1,2018-05-25
3489,52,2,2020-08-02
2602,74,2,2018-09-19
3127,232,1,2020-12-15
2300,73,4,2019-10-12
10,210,3,2020-03-07
3813,150,1,2018-05-26
3541,42,4,2018-10-08
2197,226,3,2019-12-27
3877,53,3,2023-04-15
1119,14,3,2021-04-19
4038,7,3,2019-02-20
4397,270,2,2019-05-06
2470,124,1,2020-03-21
1346,42,4,2020-04-21
1535,310,3,2019-08-17
2610,154,2,2021-07-27
4260,47,3,2020-01-29
197,280,3,2018-08-23
1289,210,3,2019-02-10
3025,316,2,2023-05-16
3281,157,1,2019-06-23
2578,130,4,2021-07-06
1971,198,4,2019-11-11
4376,18,4,2021-06-12
1203,84,4,2022-02-07
2896,251,4,2019-01-01
1004,130,4,2019-02-13
3486,171,3,2020-04-19
3213,170,4,2021-12-22
4263,84,4,2021-11-29
3170,76,4,2021-03-03
822,14,3,2022-03-07
397,198,4,2019-03-26
1136,66,4,2020-05-11
3583,105,1,2021-02-12
3435,92,3,2018-07-19
229,1,1,2022-05-04
1201,134,3,2019-06-11
3730,23,3,2018-12-12
3350,212,1,2022-05-15
1117,146,2,2018-11-21
2127,295,2,2020-03-24
4424,154,2,2022-04-05
575,215,4,2021-02-08
3453,171,3,2020-03-16
559,319,4,2020-11-03
1241,176,1,2021-12-07
3357,30,3,2023-03-07
2969,86,1,2018-08-06
3084,74,2,2018-12-26
583,166,1,2019-08-11
652,55,4,2019-08-08
1,318,3,2022-09-01
2265,62,1,2018-09-21
2028,47,3,2019-11-21
1940,41,2,2018-09-15
358,120,4,2018-12-13
625,165,2,2023-04-03
2632,35,2,2019-09-11
448,41,2,2022-04-11
343,63,1,2020-07-18
3487,76,4,2021-11-14
493,306,2,2019-01-17
2164,263,3,2020-08-31
4300,160,1,2020-03-22
4254,124,1,2022-04-19
978,50,1,2022-03-16
533,97,4,2019-11-13
1226,321,1,2020-08-16
269,166,1,2020-05-28
3059,146,2,2021-01-13
1243,129,3,2018-12-17
1461,198,4,2019-06-17
2328,66,4,2023-03-06
1844,26,3,2021-03-25
1312,210,3,2022-08-25
2476,280,3,2020-07-01
3791,3,2,2019-11-23
1772,157,1,2023-04-16
1136,124,1,2020-10-18
2351,57,4,2022-08-09
4260,33,2,2019-02-17
2216,102,3,2019-09-20
537,31,2,2022-07-25
1028,19,4,2023-03-23
2969,286,4,2019-08-22
2736,230,3,2019-03-05
1945,115,1,2020-06-04
2414,234,1,2020-05-07
1469,55,4,2023-04-03
1441,119,3,2023-01-23
1224,271,1,2020-10-14
4083,82,1,2023-04-01
759,7,3,2018-11-02
818,262,2,2021-07-02
1381,137,2,2019-03-17
1776,290,1,2019-10-04
2331,138,3,2022-04-29
1884,224,3,2019-03-14
2419,30,3,2021-10-17
2526,36,1,2019-03-11
115,198,4,2019-08-23
3098,57,4,2021-05-23
596,241,4,2020-08-11
4117,156,2,2023-01-14
3241,190,2,2021-01-20
798,45,1,2022-01-10
3117,35,2,2021-04-22
4031,155,4,2019-11-16
2382,186,4,2019-07-09
3295,33,2,2021-03-28
997,14,3,2020-03-17
3866,310,3,2022-04-25
2302,258,4,2018-07-16
2769,240,1,2018-08-07
1780,318,3,2022-12-04
3934,84,4,2023-01-07
3539,319,4,2019-01-19
3385,199,1,2019-12-12
2558,11,2,2018-06-08
2346,254,1,2023-01-07
1915,244,1,2020-10-05
696,162,4,2019-01-06
3209,44,2,2020-07-16
1707,195,2,2022-03-26
3062,248,3,2020-09-29
2511,148,3,2022-09-09
1260,102,3,2021-12-27
3136,246,1,2019-05-03
1101,169,2,2020-09-14
4229,267,4,2020-02-25
1779,171,3,2021-11-13
4302,181,1,2022-05-16
137,184,3,2021-12-10
2485,140,3,2021-06-11
977,8,3,2021-12-05
4101,83,4,2019-06-16
3218,103,2,2019-05-20
3648,162,4,2023-02-28
1052,148,3,2022-02-13
476,5,1,2019-10-23
287,111,1,2022-10-30
2606,176,1,2022-02-05
4223,228,1,2020-05-06
1577,100,1,2019-09-25
1464,259,2,2018-09-11
3344,117,4,2020-05-28
517,204,2,2021-07-11
1559,292,4,2020-01-03
2181,6,2,2020-06-05
2396,6,2,2019-05-22
1761,90,3,2019-06-06
4358,38,4,2020-01-14
2470,21,3,2021-05-25
257,44,2,2018-12-12
2457,240,1,2021-02-11
498,278,4,2022-09-15
2926,111,1,2021-09-11
3825,186,4,2022-07-01
2091,191,3,2021-01-19
1377,219,3,2022-11-07
1781,30,3,2019-06-23
958,275,4,2021-08-24
1516,122,4,2021-02-13
1261,190,2,2023-01-19
1729,309,1,2022-07-30
4022,299,2,2022-11-10
206,98,3,2021-05-16
3822,129,3,2018-06-23
3654,52,2,2019-02-18
2788,233,3,2020-10-10
2080,58,2,2021-02-24
1823,40,1,2020-06-05
3678,138,3,2020-05-08
3865,41,2,2021-03-14
3713,270,2,2022-12-11
4255,167,4,2018-10-09
588,304,4,2021-04-26
2423,53,3,2020-03-16
1722,89,2,2021-06-19
1843,287,3,2022-09-12
2662,192,4,2022-05-21
1654,253,2,2020-08-21
3403,75,4,2018-07-19
3634,138,3,2021-05-12
1818,20,2,2023-05-12
551,226,3,2023-05-13
2127,1,1,2022-03-23
2735,173,2,2020-02-10
3503,24,4,2018-10-30
3286,79,4,2021-10-09
1043,24,4,2020-10-14
1027,188,2,2019-10-13
1960,62,1,2019-12-24
3273,56,2,2022-12-31
2772,323,1,2019-01-18
3412,5,1,2021-01-17
1848,221,2,2020-08-08
3154,252,1,2020-02-19
1128,274,2,2019-05-11
2260,162,4,2020-09-13
4021,322,1,2022-01-11
3796,204,2,2023-05-15
3952,187,2,2022-07-31
4020,62,1,2019-08-06
1567,296,4,2021-05-12
4336,247,4,2020-12-31
4429,277,2,2022-12-01
4423,29,3,2019-06-20
3274,75,4,2022-09-29
1375,101,3,2021-03-20
1669,14,3,2020-11-22
1007,145,2,2021-12-28
4420,74,2,2022-05-29
3108,210,3,2018-11-25
1421,285,2,2020-12-26
3140,29,3,2021-12-09
320,59,1,2022-01-20
2197,76,4,2022-03-12
1986,247,4,2020-05-21
3708,148,3,2022-10-26
1721,79,4,2018-08-01
2593,226,3,2020-06-15
2118,219,3,2022-02-27
1218,295,2,2021-10-03
2165,53,3,2018-08-05
756,270,2,2022-03-01
1744,36,1,2019-04-17
869,183,4,2021-08-21
2827,274,2,2022-05-02
2012,267,4,2020-04-08
15,128,3,2019-11-26
773,196,3,2020-11-24
2958,186,4,2018-10-06
2017,54,1,2019-10-28
2153,251,4,2022-04-18
2566,155,4,2021-12-11
3967,314,1,2019-02-25
3376,247,4,2020-02-02
2906,89,2,2018-10-14
2010,35,2,2021-09-28
1312,68,3,2021-02-15
1865,2,2,2022-10-09
340,227,4,2022-02-03
1748,259,2,2019-05-21
589,217,1,2021-10-21
1951,106,1,2020-02-11
4365,267,4,2019-08-08
2544,183,4,2019-12-15
163,292,4,2021-08-27
972,128,3,2021-10-28
1882,87,2,2018-11-07
2334,98,3,2020-09-19
202,202,3,2021-06-08
4155,326,1,2021-04-15
1282,119,3,2023-01-10
655,114,4,2021-02-22
2325,181,1,2021-05-29
2121,2,2,2020-06-02
3728,187,2,2018-12-10
1349,199,1,2020-11-06
3414,243,1,2020-03-20
2166,4,4,2020-12-17
3200,158,1,2022-07-23
2557,182,2,2020-06-01
3314,224,3,2023-04-12
2901,49,2,2019-02-02
2813,18,4,2020-05-11
3330,182,2,2020-02-13
1763,265,2,2022-02-27
